candidate_id,label,delay,year,annual_return
total_vol_40_32,Current: total volatility 40d < 32%,0,1996,0.775272514324856
total_vol_40_32,Current: total volatility 40d < 32%,0,1997,0.9463853632715247
total_vol_40_32,Current: total volatility 40d < 32%,0,1998,1.6637213257603087
total_vol_40_32,Current: total volatility 40d < 32%,0,1999,1.7129597686900557
total_vol_40_32,Current: total volatility 40d < 32%,0,2000,0.08613024177287754
total_vol_40_32,Current: total volatility 40d < 32%,0,2001,0.03709045650476828
total_vol_40_32,Current: total volatility 40d < 32%,0,2002,0.08517898892944653
total_vol_40_32,Current: total volatility 40d < 32%,0,2003,1.3883057291177288
total_vol_40_32,Current: total volatility 40d < 32%,0,2004,0.019002190602954938
total_vol_40_32,Current: total volatility 40d < 32%,0,2005,-0.049836942161382236
total_vol_40_32,Current: total volatility 40d < 32%,0,2006,-0.007919074523392022
total_vol_40_32,Current: total volatility 40d < 32%,0,2007,-0.03305313913875496
total_vol_40_32,Current: total volatility 40d < 32%,0,2008,0.07844311829155215
total_vol_40_32,Current: total volatility 40d < 32%,0,2009,1.4085958219244854
total_vol_40_32,Current: total volatility 40d < 32%,0,2010,0.2875864865538156
total_vol_40_32,Current: total volatility 40d < 32%,0,2011,-0.03817491043008281
total_vol_40_32,Current: total volatility 40d < 32%,0,2012,0.5228695775765473
total_vol_40_32,Current: total volatility 40d < 32%,0,2013,1.3973341234426861
total_vol_40_32,Current: total volatility 40d < 32%,0,2014,0.570908293769264
total_vol_40_32,Current: total volatility 40d < 32%,0,2015,-0.14435386983037923
total_vol_40_32,Current: total volatility 40d < 32%,0,2016,0.13268202210339464
total_vol_40_32,Current: total volatility 40d < 32%,0,2017,1.1806179685418834
total_vol_40_32,Current: total volatility 40d < 32%,0,2018,0.02055172062915611
total_vol_40_32,Current: total volatility 40d < 32%,0,2019,0.5865151292674664
total_vol_40_32,Current: total volatility 40d < 32%,0,2020,1.044116128896448
total_vol_40_32,Current: total volatility 40d < 32%,0,2021,0.8298131140963454
total_vol_40_32,Current: total volatility 40d < 32%,0,2022,-0.38237771032063805
total_vol_40_32,Current: total volatility 40d < 32%,0,2023,0.7100353630065541
total_vol_40_32,Current: total volatility 40d < 32%,0,2024,0.5826772248162537
total_vol_40_32,Current: total volatility 40d < 32%,0,2025,0.05690000421385011
total_vol_40_32,Current: total volatility 40d < 32%,0,2026,0.11006295684470091
total_vol_40_32,Current: total volatility 40d < 32%,1,1996,0.8343878613137627
total_vol_40_32,Current: total volatility 40d < 32%,1,1997,0.7615833562871897
total_vol_40_32,Current: total volatility 40d < 32%,1,1998,1.334654419731046
total_vol_40_32,Current: total volatility 40d < 32%,1,1999,1.8182949961226882
total_vol_40_32,Current: total volatility 40d < 32%,1,2000,-0.27859538854047994
total_vol_40_32,Current: total volatility 40d < 32%,1,2001,0.03709045650476828
total_vol_40_32,Current: total volatility 40d < 32%,1,2002,0.08517898892944653
total_vol_40_32,Current: total volatility 40d < 32%,1,2003,1.3821857941121434
total_vol_40_32,Current: total volatility 40d < 32%,1,2004,0.10012005215727982
total_vol_40_32,Current: total volatility 40d < 32%,1,2005,-0.049836942161382236
total_vol_40_32,Current: total volatility 40d < 32%,1,2006,0.05435624259368166
total_vol_40_32,Current: total volatility 40d < 32%,1,2007,0.15419317181348235
total_vol_40_32,Current: total volatility 40d < 32%,1,2008,0.14221432885646879
total_vol_40_32,Current: total volatility 40d < 32%,1,2009,1.3505340888101567
total_vol_40_32,Current: total volatility 40d < 32%,1,2010,0.2606433221489415
total_vol_40_32,Current: total volatility 40d < 32%,1,2011,0.10911884992101584
total_vol_40_32,Current: total volatility 40d < 32%,1,2012,0.5228695775765473
total_vol_40_32,Current: total volatility 40d < 32%,1,2013,1.3973341234426861
total_vol_40_32,Current: total volatility 40d < 32%,1,2014,0.570908293769264
total_vol_40_32,Current: total volatility 40d < 32%,1,2015,-0.242530841173198
total_vol_40_32,Current: total volatility 40d < 32%,1,2016,0.08525347809064177
total_vol_40_32,Current: total volatility 40d < 32%,1,2017,1.1806179685418834
total_vol_40_32,Current: total volatility 40d < 32%,1,2018,0.07945670497974877
total_vol_40_32,Current: total volatility 40d < 32%,1,2019,0.617669749187344
total_vol_40_32,Current: total volatility 40d < 32%,1,2020,0.9882882196120784
total_vol_40_32,Current: total volatility 40d < 32%,1,2021,0.8298131140963454
total_vol_40_32,Current: total volatility 40d < 32%,1,2022,-0.2802223583286011
total_vol_40_32,Current: total volatility 40d < 32%,1,2023,0.7409501805751257
total_vol_40_32,Current: total volatility 40d < 32%,1,2024,0.5826772248162537
total_vol_40_32,Current: total volatility 40d < 32%,1,2025,0.07455570501212216
total_vol_40_32,Current: total volatility 40d < 32%,1,2026,0.06580260888283984
downside_70_0.25,Downside: highest worst-delay CAGR,0,1996,0.775272514324856
downside_70_0.25,Downside: highest worst-delay CAGR,0,1997,0.33005555646261886
downside_70_0.25,Downside: highest worst-delay CAGR,0,1998,1.5943103771378584
downside_70_0.25,Downside: highest worst-delay CAGR,0,1999,2.4540561641625436
downside_70_0.25,Downside: highest worst-delay CAGR,0,2000,0.24701350059696514
downside_70_0.25,Downside: highest worst-delay CAGR,0,2001,0.03709045650476828
downside_70_0.25,Downside: highest worst-delay CAGR,0,2002,0.08517898892944653
downside_70_0.25,Downside: highest worst-delay CAGR,0,2003,0.7246578650672855
downside_70_0.25,Downside: highest worst-delay CAGR,0,2004,0.019002190602954938
downside_70_0.25,Downside: highest worst-delay CAGR,0,2005,-0.049836942161382236
downside_70_0.25,Downside: highest worst-delay CAGR,0,2006,-0.007919074523392022
downside_70_0.25,Downside: highest worst-delay CAGR,0,2007,-0.03305313913875496
downside_70_0.25,Downside: highest worst-delay CAGR,0,2008,0.07844311829155215
downside_70_0.25,Downside: highest worst-delay CAGR,0,2009,1.0120942199865421
downside_70_0.25,Downside: highest worst-delay CAGR,0,2010,0.2875864865538156
downside_70_0.25,Downside: highest worst-delay CAGR,0,2011,-0.03817491043008281
downside_70_0.25,Downside: highest worst-delay CAGR,0,2012,0.5228695775765473
downside_70_0.25,Downside: highest worst-delay CAGR,0,2013,1.3973341234426861
downside_70_0.25,Downside: highest worst-delay CAGR,0,2014,0.570908293769264
downside_70_0.25,Downside: highest worst-delay CAGR,0,2015,-0.14435386983037923
downside_70_0.25,Downside: highest worst-delay CAGR,0,2016,0.13268202210339464
downside_70_0.25,Downside: highest worst-delay CAGR,0,2017,1.1806179685418834
downside_70_0.25,Downside: highest worst-delay CAGR,0,2018,0.02055172062915611
downside_70_0.25,Downside: highest worst-delay CAGR,0,2019,0.4792082385984575
downside_70_0.25,Downside: highest worst-delay CAGR,0,2020,0.7828618853678413
downside_70_0.25,Downside: highest worst-delay CAGR,0,2021,0.8298131140963454
downside_70_0.25,Downside: highest worst-delay CAGR,0,2022,-0.5386959003215066
downside_70_0.25,Downside: highest worst-delay CAGR,0,2023,0.7100353630065541
downside_70_0.25,Downside: highest worst-delay CAGR,0,2024,0.5826772248162537
downside_70_0.25,Downside: highest worst-delay CAGR,0,2025,0.04691325052966944
downside_70_0.25,Downside: highest worst-delay CAGR,0,2026,0.11006295684470091
downside_70_0.25,Downside: highest worst-delay CAGR,1,1996,0.8343878613137627
downside_70_0.25,Downside: highest worst-delay CAGR,1,1997,0.33005555646261886
downside_70_0.25,Downside: highest worst-delay CAGR,1,1998,1.4897856104855514
downside_70_0.25,Downside: highest worst-delay CAGR,1,1999,2.4368399456240457
downside_70_0.25,Downside: highest worst-delay CAGR,1,2000,0.35692980363889903
downside_70_0.25,Downside: highest worst-delay CAGR,1,2001,0.03709045650476828
downside_70_0.25,Downside: highest worst-delay CAGR,1,2002,0.08517898892944653
downside_70_0.25,Downside: highest worst-delay CAGR,1,2003,0.7386926783502008
downside_70_0.25,Downside: highest worst-delay CAGR,1,2004,0.10012005215727982
downside_70_0.25,Downside: highest worst-delay CAGR,1,2005,-0.049836942161382236
downside_70_0.25,Downside: highest worst-delay CAGR,1,2006,0.05435624259368166
downside_70_0.25,Downside: highest worst-delay CAGR,1,2007,0.15419317181348235
downside_70_0.25,Downside: highest worst-delay CAGR,1,2008,0.14221432885646879
downside_70_0.25,Downside: highest worst-delay CAGR,1,2009,1.0318139067673675
downside_70_0.25,Downside: highest worst-delay CAGR,1,2010,0.2606433221489415
downside_70_0.25,Downside: highest worst-delay CAGR,1,2011,0.10911884992101584
downside_70_0.25,Downside: highest worst-delay CAGR,1,2012,0.5228695775765473
downside_70_0.25,Downside: highest worst-delay CAGR,1,2013,1.3973341234426861
downside_70_0.25,Downside: highest worst-delay CAGR,1,2014,0.570908293769264
downside_70_0.25,Downside: highest worst-delay CAGR,1,2015,-0.242530841173198
downside_70_0.25,Downside: highest worst-delay CAGR,1,2016,0.08525347809064177
downside_70_0.25,Downside: highest worst-delay CAGR,1,2017,1.1806179685418834
downside_70_0.25,Downside: highest worst-delay CAGR,1,2018,0.07945670497974877
downside_70_0.25,Downside: highest worst-delay CAGR,1,2019,0.49871041166300145
downside_70_0.25,Downside: highest worst-delay CAGR,1,2020,0.7787288530690506
downside_70_0.25,Downside: highest worst-delay CAGR,1,2021,0.8298131140963454
downside_70_0.25,Downside: highest worst-delay CAGR,1,2022,-0.5085741985413601
downside_70_0.25,Downside: highest worst-delay CAGR,1,2023,0.7409501805751257
downside_70_0.25,Downside: highest worst-delay CAGR,1,2024,0.5826772248162537
downside_70_0.25,Downside: highest worst-delay CAGR,1,2025,0.020868397084597978
downside_70_0.25,Downside: highest worst-delay CAGR,1,2026,0.06580260888283984
downside_55_0.20,Downside: broad-neighborhood representative,0,1996,0.775272514324856
downside_55_0.20,Downside: broad-neighborhood representative,0,1997,0.21279712773317683
downside_55_0.20,Downside: broad-neighborhood representative,0,1998,0.8917228872110088
downside_55_0.20,Downside: broad-neighborhood representative,0,1999,1.8636065068347571
downside_55_0.20,Downside: broad-neighborhood representative,0,2000,-0.1746808171459816
downside_55_0.20,Downside: broad-neighborhood representative,0,2001,0.03709045650476828
downside_55_0.20,Downside: broad-neighborhood representative,0,2002,0.08517898892944653
downside_55_0.20,Downside: broad-neighborhood representative,0,2003,1.3883057291177288
downside_55_0.20,Downside: broad-neighborhood representative,0,2004,0.019002190602954938
downside_55_0.20,Downside: broad-neighborhood representative,0,2005,-0.049836942161382236
downside_55_0.20,Downside: broad-neighborhood representative,0,2006,-0.007919074523392022
downside_55_0.20,Downside: broad-neighborhood representative,0,2007,-0.03305313913875496
downside_55_0.20,Downside: broad-neighborhood representative,0,2008,0.07844311829155215
downside_55_0.20,Downside: broad-neighborhood representative,0,2009,1.3808316642771215
downside_55_0.20,Downside: broad-neighborhood representative,0,2010,0.3700546152394484
downside_55_0.20,Downside: broad-neighborhood representative,0,2011,0.013534945902814233
downside_55_0.20,Downside: broad-neighborhood representative,0,2012,0.5228695775765473
downside_55_0.20,Downside: broad-neighborhood representative,0,2013,1.3973341234426861
downside_55_0.20,Downside: broad-neighborhood representative,0,2014,0.570908293769264
downside_55_0.20,Downside: broad-neighborhood representative,0,2015,-0.14435386983037923
downside_55_0.20,Downside: broad-neighborhood representative,0,2016,0.13268202210339464
downside_55_0.20,Downside: broad-neighborhood representative,0,2017,1.1806179685418834
downside_55_0.20,Downside: broad-neighborhood representative,0,2018,0.05914241454169922
downside_55_0.20,Downside: broad-neighborhood representative,0,2019,0.5865151292674664
downside_55_0.20,Downside: broad-neighborhood representative,0,2020,0.1826701493013465
downside_55_0.20,Downside: broad-neighborhood representative,0,2021,0.8298131140963454
downside_55_0.20,Downside: broad-neighborhood representative,0,2022,-0.3552400039272552
downside_55_0.20,Downside: broad-neighborhood representative,0,2023,0.7100353630065541
downside_55_0.20,Downside: broad-neighborhood representative,0,2024,0.5826772248162537
downside_55_0.20,Downside: broad-neighborhood representative,0,2025,0.0023788639675867973
downside_55_0.20,Downside: broad-neighborhood representative,0,2026,0.11006295684470091
downside_55_0.20,Downside: broad-neighborhood representative,1,1996,0.8343878613137627
downside_55_0.20,Downside: broad-neighborhood representative,1,1997,0.6598480898213159
downside_55_0.20,Downside: broad-neighborhood representative,1,1998,0.5466970858415747
downside_55_0.20,Downside: broad-neighborhood representative,1,1999,1.860948223067695
downside_55_0.20,Downside: broad-neighborhood representative,1,2000,-0.03525926684098346
downside_55_0.20,Downside: broad-neighborhood representative,1,2001,0.03709045650476828
downside_55_0.20,Downside: broad-neighborhood representative,1,2002,0.08517898892944653
downside_55_0.20,Downside: broad-neighborhood representative,1,2003,1.3821857941121434
downside_55_0.20,Downside: broad-neighborhood representative,1,2004,0.10012005215727982
downside_55_0.20,Downside: broad-neighborhood representative,1,2005,-0.049836942161382236
downside_55_0.20,Downside: broad-neighborhood representative,1,2006,0.05435624259368166
downside_55_0.20,Downside: broad-neighborhood representative,1,2007,0.15419317181348235
downside_55_0.20,Downside: broad-neighborhood representative,1,2008,0.14221432885646879
downside_55_0.20,Downside: broad-neighborhood representative,1,2009,1.1660480372623803
downside_55_0.20,Downside: broad-neighborhood representative,1,2010,0.32745003425155117
downside_55_0.20,Downside: broad-neighborhood representative,1,2011,0.07097519138013952
downside_55_0.20,Downside: broad-neighborhood representative,1,2012,0.5228695775765473
downside_55_0.20,Downside: broad-neighborhood representative,1,2013,1.3973341234426861
downside_55_0.20,Downside: broad-neighborhood representative,1,2014,0.570908293769264
downside_55_0.20,Downside: broad-neighborhood representative,1,2015,-0.242530841173198
downside_55_0.20,Downside: broad-neighborhood representative,1,2016,0.08525347809064177
downside_55_0.20,Downside: broad-neighborhood representative,1,2017,1.1806179685418834
downside_55_0.20,Downside: broad-neighborhood representative,1,2018,0.11751148121969934
downside_55_0.20,Downside: broad-neighborhood representative,1,2019,0.617669749187344
downside_55_0.20,Downside: broad-neighborhood representative,1,2020,0.0976601561552557
downside_55_0.20,Downside: broad-neighborhood representative,1,2021,0.8298131140963454
downside_55_0.20,Downside: broad-neighborhood representative,1,2022,-0.36778881702357835
downside_55_0.20,Downside: broad-neighborhood representative,1,2023,0.7409501805751257
downside_55_0.20,Downside: broad-neighborhood representative,1,2024,0.5826772248162537
downside_55_0.20,Downside: broad-neighborhood representative,1,2025,0.017653239920414787
downside_55_0.20,Downside: broad-neighborhood representative,1,2026,0.06580260888283984
