ma_window,vol_window,vol_threshold,tolerance,delay,cagr,ending_value_1000,volatility,max_drawdown,dotcom_max_drawdown,dotcom_return,risk_on_share,switches,total_turnover
170,30,0.25,0.01,0,0.24795928171253245,820085.5093449554,0.3970243709766312,-0.62781073929225,-0.22609565071592708,1.0012874985523865,0.601075691984783,138,145.68887878835375
170,30,0.25,0.01,1,0.26722925684180754,1304453.8868145365,0.40015128917279197,-0.6009533554230252,-0.20096911852720345,1.3905450318258983,0.6009445100354192,138,145.67684182984874
170,30,0.25,0.03,0,0.255271620615255,978841.6556690818,0.3975045130004926,-0.5403908207832657,-0.22609565071592708,1.0012874985523865,0.5943854125672308,106,113.77902119323696
170,30,0.25,0.03,1,0.2662712443092419,1274912.1645089784,0.40132908985885646,-0.6080122824185696,-0.20096911852720345,1.3905450318258983,0.594254230617867,106,113.76365877821584
170,30,0.25,0.04,0,0.2672107543372553,1303877.1166250242,0.4015883250649309,-0.5583154352305686,-0.22609565071592708,1.0012874985523865,0.5956972320608684,98,105.73342142528894
170,30,0.25,0.04,1,0.28623716572966784,2047746.8801200734,0.4044906991003292,-0.5626756663221093,-0.20096911852720345,1.3905450318258983,0.5955660501115047,98,105.72021870958594
170,30,0.3,0.01,0,0.314094149017355,3918615.8317070566,0.4420576132927408,-0.6278107392922493,-0.20748496513192505,1.1573339631167499,0.6682408500590319,108,114.62786837306611
170,30,0.3,0.01,1,0.3266945748713488,5231985.328159254,0.44531147797588877,-0.6009533554230257,-0.23101357618880647,1.4177592440866738,0.6681096681096681,108,114.61557011194985
170,30,0.3,0.03,0,0.3504080149001014,8947779.818835622,0.4391135003039687,-0.5437971844530276,-0.20748496513192416,1.1573339631167512,0.6564344746162928,66,72.83568248095828
170,30,0.3,0.03,1,0.36982617245149285,13788711.65618743,0.443507435575644,-0.6080122824185696,-0.2310135761888068,1.4177592440866764,0.656303292666929,66,72.82471468869477
170,30,0.3,0.04,0,0.3551480321918845,9949648.399089944,0.4467690507283487,-0.5583154352305688,-0.2074849651319257,1.1573339631167516,0.6607634789452971,58,64.74426242435035
170,30,0.3,0.04,1,0.36650372379014096,12810887.004106177,0.4497944288746006,-0.5626756663221086,-0.23101357618880602,1.41775924408668,0.6606322969959334,58,64.73834952390148
170,30,0.35,0.01,0,0.30105298601631114,2896902.8812294067,0.46905778265528447,-0.6278107392922497,-0.5407386387442772,0.12811045077182692,0.6931654204381477,114,120.25982951313559
170,30,0.35,0.01,1,0.2958507912813708,2565846.696538165,0.46937512449979263,-0.649723882477633,-0.5805691732585436,0.019463302865930787,0.693034238488784,114,120.2411376978894
170,30,0.35,0.03,0,0.33995241543041943,7070811.040899943,0.464799783479991,-0.6142888338754946,-0.5006833282232649,0.17880341056130722,0.6801784074511347,56,62.46882098924318
170,30,0.35,0.03,1,0.33425045654599117,6214020.221290834,0.4675373446034503,-0.6231100211503745,-0.6231100211503745,-0.14048305247348192,0.680047225501771,56,62.459214672515564
170,30,0.35,0.04,0,0.32114267118737594,4607892.462369538,0.47805372061823254,-0.5752326156070284,-0.506807373866726,0.16434555986455668,0.6854256854256854,46,52.33903787665453
170,30,0.35,0.04,1,0.3162944609513818,4122305.470170293,0.48103583074637585,-0.6172131901990063,-0.6172131901990063,-0.07551992604587632,0.6852945034763217,46,52.325769531673544
170,40,0.25,0.01,0,0.23484799043111004,595557.7780409767,0.39674707604835935,-0.6278107392922484,-0.22868107314749975,1.1506094080354865,0.6060606060606061,116,123.62424459754843
170,40,0.25,0.01,1,0.24576809164256685,777574.1932327844,0.400123403214154,-0.6009533554230255,-0.20096911852720367,1.4555742393174969,0.6059294241112423,116,123.6177710904287
170,40,0.25,0.03,0,0.24613986980261449,784633.7816055532,0.3972202178953453,-0.540390820783266,-0.22868107314749975,1.1506094080354865,0.5997638724911453,88,95.70263981885233
170,40,0.25,0.03,1,0.25717992506321585,1024932.4079349042,0.40193375433330386,-0.6080122824185696,-0.20096911852720367,1.4555742393174969,0.5996326905417815,88,95.6998442284671
170,40,0.25,0.04,0,0.26722773168033953,1304406.3343187491,0.40341787707256654,-0.5583154352305686,-0.22868107314749975,1.1506094080354865,0.6035681490226945,80,87.61520162870815
170,40,0.25,0.04,1,0.27244888373404175,1477406.7959415484,0.4062844760685505,-0.5626756663221091,-0.20096911852720367,1.4555742393174969,0.6034369670733307,80,87.61443586624645
170,40,0.3,0.01,0,0.32682050822201236,5247049.032019898,0.43746178588477636,-0.6278107392922501,-0.20748496513192471,1.0409781206459385,0.6608946608946609,100,106.76115276996785
170,40,0.3,0.01,1,0.32458189100042256,4985422.499937395,0.43766483610848933,-0.6009533554230252,-0.23101357618880647,0.9029780899982907,0.6607634789452971,100,106.75048823217992
170,40,0.3,0.03,0,0.38421823764690166,18923907.621796183,0.43360156951410767,-0.5403908207832653,-0.20748496513192527,1.04097812064593,0.6490882854519218,52,58.9611214740611
170,40,0.3,0.03,1,0.37515002731336855,15507792.818435946,0.43566229595479955,-0.6080122824185702,-0.2310135761888067,0.902978089998288,0.6489571035025581,52,58.96124046682236
170,40,0.3,0.04,0,0.355072013822715,9932756.658092268,0.4482675707232909,-0.6084200371114004,-0.20748496513192505,1.0409781206459283,0.657483930211203,48,54.7927401865436
170,40,0.3,0.04,1,0.34263097022125555,7511710.213746955,0.45051554261384064,-0.5672706519745583,-0.23101357618880602,0.9029780899982862,0.6573527482618392,48,54.786897999322996
170,40,0.35,0.01,0,0.31166312660811335,3704885.2076765057,0.46448784919920083,-0.6278107392922505,-0.33154928761238533,1.1071756675427467,0.6879181424635971,106,112.31991511424437
170,40,0.35,0.01,1,0.3433870218861115,7640894.876512744,0.46641415944481146,-0.6397699668522929,-0.33154928761238545,1.5421411728511756,0.6877869605142333,106,112.31392299267691
170,40,0.35,0.03,0,0.34542896849023386,8000625.461680134,0.4603078859978026,-0.6142888338754942,-0.3442011422668859,0.8309108873455364,0.6747999475272203,52,58.52747425191852
170,40,0.35,0.03,1,0.37707875210791153,16180317.980224896,0.46526878225581064,-0.6080122824185703,-0.33154928761238533,1.0721561939834854,0.6746687655778565,52,58.52994062040133
170,40,0.35,0.04,0,0.33054954031903816,5712604.434732808,0.47395446987389817,-0.6805335860962953,-0.3442011422668859,0.8309108873455391,0.6812278630460449,42,48.377504024205315
170,40,0.35,0.04,1,0.3606776496541748,11255765.281883262,0.47889418344377516,-0.582980175932253,-0.33154928761238545,1.07215619398348,0.6810966810966811,42,48.37955733373778
170,50,0.25,0.01,0,0.21418569003806054,357232.45780213876,0.39464380941425986,-0.6278107392922496,-0.20526306209150091,0.9657565255461351,0.59818968909878,100,107.75446878434568
170,50,0.25,0.01,1,0.24997483491008943,861167.5117583176,0.39768321987170774,-0.6009533554230247,-0.20115374769586059,1.0234155825877567,0.5980585071494162,100,107.74503704810206
170,50,0.25,0.03,0,0.22685569364333458,489223.27113521553,0.3962064129919644,-0.5403908207832651,-0.20526306209150091,0.9657565255461351,0.5955660501115047,72,79.76474016226805
170,50,0.25,0.03,1,0.2633365874660354,1188388.548917694,0.4006447681292234,-0.6080122824185697,-0.20115374769586059,1.0234155825877567,0.5954348681621409,72,79.76858113288478
170,50,0.25,0.04,0,0.251900258726637,902266.6779707867,0.40454015638543306,-0.5583154352305686,-0.20526306209150091,0.9657565255461351,0.6017316017316018,64,71.64344100017067
170,50,0.25,0.04,1,0.2840239877006805,1943668.7910442702,0.40680005988057505,-0.5626756663221102,-0.20115374769586059,1.0234155825877567,0.601600419782238,64,71.64524937706165
170,50,0.3,0.01,0,0.2968631168342799,2627260.253171969,0.4346537006039094,-0.6278107392922498,-0.20748496513192471,1.1550602851184637,0.6573527482618392,102,108.86183080656701
170,50,0.3,0.01,1,0.2966822854746709,2616186.6812595264,0.4353555855689479,-0.6009533554230253,-0.23101357618880636,0.8167608888966043,0.6572215663124754,102,108.86006793615593
170,50,0.3,0.03,0,0.3504350488929362,8953207.063637633,0.4307290316574804,-0.540390820783266,-0.20748496513192471,1.1550602851184655,0.6464646464646465,54,61.03808459872153
170,50,0.3,0.03,1,0.33757996718744465,6701281.293961629,0.4337980562801631,-0.6080122824185702,-0.2310135761888067,0.8167608888966038,0.6463334645152827,54,61.04552463989943
170,50,0.3,0.04,0,0.3174080968904811,4229263.269434586,0.4468051362340804,-0.5854373689649381,-0.20748496513192494,1.155060285118465,0.6552538370720189,48,54.859734719066665
170,50,0.3,0.04,1,0.3123623944707128,3765180.3202244085,0.44962329469261214,-0.5672706519745583,-0.23101357618880636,0.8167608888966076,0.6551226551226551,48,54.864891877203306
170,50,0.35,0.01,0,0.315781120271984,4073887.5575806936,0.46216525653766577,-0.6654972414333122,-0.33154928761238533,1.0242355135833061,0.6852945034763217,100,106.38695683328271
170,50,0.35,0.01,1,0.305454732299014,3208954.260331592,0.46274577349625473,-0.7017045420775835,-0.33154928761238533,0.9663129460597406,0.6851633215269579,100,106.38231849689058
170,50,0.35,0.03,0,0.3658795877579133,12634836.562070925,0.4557088659736236,-0.6142888338754944,-0.33154928761238533,1.0735463784561952,0.6711268529450347,46,52.61837026232318
170,50,0.35,0.03,1,0.3585970342777669,10745954.175021913,0.45920697246292264,-0.6080122824185703,-0.33154928761238533,0.8730290866083514,0.670995670995671,46,52.614152788285935
170,50,0.35,0.04,0,0.35088633205941644,9044276.48268314,0.46968778989795595,-0.5752326156070284,-0.33154928761238545,1.0797426155142897,0.6780794962613145,36,42.45325528055203
170,50,0.35,0.04,1,0.34762596099037846,8405951.654451776,0.4726169433829274,-0.5672706519745583,-0.33154928761238545,1.094397421584436,0.6779483143119507,36,42.446702404008256
175,30,0.25,0.01,0,0.24665080053763222,794436.8902889346,0.39680985524842977,-0.6278107392922495,-0.22609565071592685,1.0012874985523883,0.6006821461366916,138,145.68748207193352
175,30,0.25,0.01,1,0.2673881879956479,1309418.3472763833,0.39984555352398926,-0.6009533554230249,-0.20096911852720367,1.3905450318259032,0.6005509641873278,138,145.67888111351309
175,30,0.25,0.03,0,0.26361202751438184,1196261.6419822136,0.39908109975650846,-0.5488502780005062,-0.22609565071592685,1.0012874985523883,0.5951725042634134,102,109.75782860747954
175,30,0.25,0.03,1,0.2783224313700823,1698560.3525406446,0.40259149383771414,-0.5537015371192664,-0.20096911852720367,1.3905450318259032,0.5950413223140496,102,109.74132423073726
175,30,0.25,0.04,0,0.26628089767978036,1275206.588089253,0.400613557168441,-0.5583154352305681,-0.22609565071592685,1.0012874985523883,0.5949101403646858,94,101.74394234341689
175,30,0.25,0.04,1,0.28756425155301657,2112718.2763357474,0.4040680913416302,-0.5626756663221083,-0.20096911852720367,1.3905450318259032,0.594778958415322,94,101.73288833511647
175,30,0.3,0.01,0,0.30724868796207083,3345246.265063758,0.4420206823480526,-0.627810739292249,-0.20748496513192516,1.1573339631167476,0.6671913944641218,110,116.64597500777263
175,30,0.3,0.01,1,0.340419808646115,7145899.638325918,0.4451460156152054,-0.6009533554230252,-0.2310135761888067,1.4177592440866693,0.667060212514758,110,116.64951992278911
175,30,0.3,0.03,0,0.35824795587973823,10662636.793251421,0.44201537100364063,-0.5488502780005058,-0.20748496513192483,1.157333963116748,0.6582710219073855,62,68.80580809584114
175,30,0.3,0.03,1,0.3744726936435181,15278090.840060662,0.4459745505898352,-0.5537015371192657,-0.23101357618880647,1.4177592440866813,0.6581398399580217,62,68.79302269064502
175,30,0.3,0.04,0,0.36184362662933744,11551608.242476892,0.4458289896302311,-0.5583154352305687,-0.20748496513192527,1.1573339631167463,0.6593204775022957,58,64.7869951725162
175,30,0.3,0.04,1,0.3656461417929011,12569591.36349859,0.4485378448621403,-0.5626756663221093,-0.23101357618880713,1.4177592440866769,0.6591892955529319,58,64.78631904841161
175,30,0.35,0.01,0,0.29432139113574096,2475689.4311914756,0.46817706297855943,-0.6296571721480549,-0.49871812499038337,0.23132788796915071,0.6910665092483275,112,118.29497640092077
175,30,0.35,0.01,1,0.31720250374885994,4209317.426558847,0.46801846798976404,-0.6794076521558369,-0.4254039930543483,0.3966058422679386,0.6909353272989637,112,118.30364371336283
175,30,0.35,0.03,0,0.3434029021351457,7643631.198347572,0.4680860311595038,-0.644546824204135,-0.5006833282232651,0.17880341056130478,0.68280204643841,52,58.42488097102517
175,30,0.35,0.03,1,0.33094019720757206,5763626.580605441,0.4706342437690704,-0.6419615656119138,-0.6231100211503755,-0.1404830524734857,0.6826708644890463,52,58.415035707490475
175,30,0.35,0.04,0,0.310310768992647,3590914.7172928443,0.47836660378390333,-0.5752326156070285,-0.506807373866726,0.16434555986455557,0.6855568673750492,46,52.35863176377576
175,30,0.35,0.04,1,0.30937780349896205,3514272.821223066,0.4812975924208876,-0.6172131901990054,-0.6172131901990054,-0.07551992604587465,0.6854256854256854,46,52.35025698367553
175,40,0.25,0.01,0,0.2345418542915252,591101.8243566676,0.3969682033594478,-0.6278107392922484,-0.22868107314749975,1.1506094080354865,0.6063229699593335,116,123.61518928765551
175,40,0.25,0.01,1,0.24595848170869083,781181.7473406288,0.4002277449359497,-0.6009533554230255,-0.20096911852720367,1.4555742393174969,0.6061917880099699,116,123.61141753856634
175,40,0.25,0.03,0,0.25542492322708865,982469.0338439856,0.39923173339944334,-0.5488502780005055,-0.22868107314749975,1.1506094080354865,0.6012068739341466,84,91.67378863962223
175,40,0.25,0.03,1,0.2691793763915149,1366647.4689292826,0.4036015842343792,-0.5537015371192664,-0.20096911852720367,1.4555742393174969,0.601075691984783,84,91.66911684546182
175,40,0.25,0.04,0,0.2690721595336949,1363154.8517552735,0.40348377512460076,-0.5583154352305686,-0.22868107314749975,1.1506094080354865,0.6036993309720582,80,87.61271040712879
175,40,0.25,0.04,1,0.2729555430340782,1495329.434606476,0.4062920416736483,-0.5626756663221091,-0.20096911852720367,1.4555742393174969,0.6035681490226945,80,87.6125832261369
175,40,0.3,0.01,0,0.32008290555481866,4497240.057837749,0.43742109457575346,-0.62781073929225,-0.20748496513192527,1.0409781206459296,0.6599763872491146,102,108.7714694609231
175,40,0.3,0.01,1,0.3352949717413005,6363069.160476033,0.4377001681163939,-0.6009533554230249,-0.23101357618880658,0.9029780899982849,0.6598452052997508,102,108.7820534763136
175,40,0.3,0.03,0,0.38555403283727974,19484939.886150423,0.437322878465412,-0.5488502780005065,-0.20748496513192494,1.0409781206459372,0.6519742883379247,48,54.9061977253311
175,40,0.3,0.03,1,0.37247902154993073,14620915.60302888,0.43897907603260045,-0.5537015371192664,-0.23101357618880636,0.9029780899982844,0.6518431063885609,48,54.9052679389101
175,40,0.3,0.04,0,0.3437070635074859,7696224.422719547,0.44918934109894604,-0.6084200371114015,-0.20748496513192483,1.0409781206459296,0.6582710219073855,48,54.79136598222919
175,40,0.3,0.04,1,0.3331254231535856,6057258.857961523,0.45123526072603365,-0.5672706519745582,-0.23101357618880614,0.9029780899982884,0.6581398399580217,48,54.78624643503545
175,40,0.35,0.01,0,0.29684767025976466,2626312.5834736964,0.46403442382077575,-0.6539278262840511,-0.33154928761238533,0.9188116214599542,0.6868686868686869,106,112.33665004153441
175,40,0.35,0.01,1,0.34922377284759176,8713132.734152555,0.46582813866958095,-0.6674154426524793,-0.33154928761238545,1.5801278888057007,0.6867375049193231,106,112.3577707380407
175,40,0.35,0.03,0,0.34889355776554654,8648771.69414631,0.4636259023191548,-0.6445468242041348,-0.34420114226688625,0.8309108873455389,0.6774235865144956,48,54.48353423370051
175,40,0.35,0.03,1,0.3736622362832105,15007564.744309742,0.4683809420776252,-0.641961565611914,-0.33154928761238533,1.0721561939834818,0.6772924045651318,48,54.485761655376244
175,40,0.35,0.04,0,0.31964051224788825,4451812.95055781,0.47427040746392884,-0.6805335860962956,-0.3442011422668859,0.8309108873455369,0.6813590449954087,42,48.39709791132654
175,40,0.35,0.04,1,0.3535277743906877,9595560.12974327,0.4791584830447224,-0.5829801759322533,-0.33154928761238533,1.0721561939834818,0.6812278630460449,42,48.404044785739764
175,50,0.25,0.01,0,0.20934208479193073,316497.3708213329,0.39524302448002646,-0.6278107392922496,-0.20526306209150091,0.9657565255461351,0.5985832349468713,102,109.7395857446129
175,50,0.25,0.01,1,0.2548958436062596,970004.8809537498,0.39838200955044345,-0.6009533554230247,-0.20115374769586059,1.0234155825877567,0.5984520529975076,102,109.73783731119238
175,50,0.25,0.03,0,0.24014261125655034,677962.525391804,0.3986096121937422,-0.5488502780005062,-0.20526306209150091,0.9657565255461351,0.5972714154532336,68,75.73314522294746
175,50,0.25,0.03,1,0.27678806358185537,1637880.161434666,0.4023499104707635,-0.5537015371192668,-0.20115374769586059,1.0234155825877567,0.5971402335038699,68,75.73333967186046
175,50,0.25,0.04,0,0.2622088314812907,1156672.4867330508,0.40535792282744937,-0.5583154352305686,-0.20526306209150091,0.9657565255461351,0.6027810573265119,64,71.62779890176733
175,50,0.25,0.04,1,0.29084665976373625,2282096.554610648,0.4075110784921845,-0.5626756663221102,-0.20115374769586059,1.0234155825877567,0.6026498753771481,64,71.63048014460036
175,50,0.3,0.01,0,0.2899343852626568,2233747.461034339,0.43461286877833233,-0.6278107392922496,-0.20748496513192538,1.1550602851184597,0.6565656565656566,104,110.86984693501549
175,50,0.3,0.01,1,0.3054895774138868,3211549.6644518953,0.435443669782586,-0.6009533554230247,-0.23101357618880636,0.8167608888966065,0.6564344746162928,104,110.8854725426991
175,50,0.3,0.03,0,0.35173824270599807,9218640.51071063,0.43447556530103937,-0.5488502780005058,-0.20748496513192494,1.1550602851184655,0.6493506493506493,50,56.983160849991535
175,50,0.3,0.03,1,0.3349819351687886,6318040.831361335,0.43712885968589005,-0.553701537119266,-0.23101357618880636,0.8167608888966049,0.6492194674012856,50,56.98955211198718
175,50,0.3,0.04,0,0.309839207455896,3551976.72261669,0.4484236724846181,-0.5854373689649378,-0.20748496513192505,1.1550602851184655,0.6572215663124754,48,54.828612353091394
175,50,0.3,0.04,1,0.3131911578695168,3837870.5370991933,0.4514320613785081,-0.5672706519745583,-0.23101357618880647,0.816760888896608,0.6570903843631116,48,54.835033407760584
175,50,0.35,0.01,0,0.30384328731820154,3091118.1635272293,0.46161805459898236,-0.6721737702855355,-0.3417007027640375,0.8432856300799214,0.683982683982684,102,108.40776132309352
175,50,0.35,0.01,1,0.3142539564855227,3933075.839909194,0.4620530216938194,-0.7065541622080427,-0.33154928761238533,0.995695173985292,0.6838515020333202,102,108.43126393442307
175,50,0.35,0.03,0,0.3671976858253563,13009418.340202056,0.4592511538046947,-0.6445468242041352,-0.33154928761238533,1.0735463784561956,0.6740128558310376,42,48.56344651359318
175,50,0.35,0.03,1,0.35595818001701773,10131402.37985579,0.4623548753636835,-0.641961565611914,-0.33154928761238533,0.8730290866083503,0.6738816738816739,42,48.558180260373675
175,50,0.35,0.04,0,0.3347846737744524,6289824.4547901265,0.47037777742749587,-0.5752326156070287,-0.33154928761238545,1.0797426155142906,0.6788665879574971,36,42.45580404792064
175,50,0.35,0.04,1,0.3398116059836267,7048339.3866125755,0.47347567867522694,-0.5672706519745583,-0.33154928761238545,1.0943974215844423,0.6787354060081333,36,42.4534103769672
180,30,0.25,0.01,0,0.24643950997180153,790368.6300760873,0.39674736679146544,-0.641915949504831,-0.2260956507159272,1.0012874985523856,0.6013380558835104,134,141.67565065089065
180,30,0.25,0.01,1,0.2646085730700716,1225170.1329197676,0.40003355525433276,-0.5956164078994621,-0.20096911852720345,1.390545031825901,0.6012068739341466,134,141.66534928556945
180,30,0.25,0.03,0,0.2683438975235919,1339658.9146383035,0.39931226140525133,-0.5488502780005057,-0.2260956507159272,1.0012874985523856,0.5956972320608684,96,103.73775889279196
180,30,0.25,0.03,1,0.27655395578717235,1628808.1191374252,0.4025747141745324,-0.5537015371192657,-0.20096911852720345,1.390545031825901,0.5955660501115047,96,103.72379558463655
180,30,0.25,0.04,0,0.2599223602708449,1094862.4026466329,0.40013991940089605,-0.5583154352305683,-0.2260956507159272,1.0012874985523856,0.594254230617867,94,101.7535504824955
180,30,0.25,0.04,1,0.278676899653735,1712884.6787251846,0.4034797140847628,-0.5626756663221091,-0.20096911852720345,1.390545031825901,0.5941230486685032,94,101.74152500225104
180,30,0.3,0.01,0,0.3138146879869874,3893452.5602557557,0.4409255975483646,-0.6419159495048308,-0.20748496513192471,1.1573339631167499,0.666535484717303,104,110.6777159511081
180,30,0.3,0.01,1,0.33735810864358706,6667695.834124362,0.4446272612172892,-0.5956164078994619,-0.23101357618880647,1.4177592440866826,0.6664043027679392,104,110.67275284399429
180,30,0.3,0.03,0,0.3580705022981623,10620522.335237103,0.4427238721827162,-0.5488502780005057,-0.2074849651319257,1.1573339631167485,0.6585333858061131,60,66.80214586988401
180,30,0.3,0.03,1,0.365579901672457,12551137.50304611,0.4458901261932191,-0.5537015371192655,-0.23101357618880625,1.4177592440866782,0.6584022038567493,60,66.79413320234069
180,30,0.3,0.04,0,0.3576466737262829,10520586.366827494,0.4455248061541297,-0.5583154352305695,-0.20748496513192471,1.1573339631167499,0.6587957497048406,58,64.79481733129492
180,30,0.3,0.04,1,0.3578717175095363,10573536.424317755,0.44804588979921384,-0.5626756663221096,-0.23101357618880647,1.4177592440866826,0.6586645677554769,58,64.79415694050468
180,30,0.35,0.01,0,0.31126884429154833,3671300.5654107598,0.46605140611177787,-0.6419159495048316,-0.37521128750311794,0.741796301695786,0.689623507805326,104,110.33546651612667
180,30,0.35,0.01,1,0.3239290646284885,4911533.278360395,0.46811150718531913,-0.6075139641511578,-0.4105993320460801,0.9788716796200414,0.6894923258559622,104,110.32892931432863
180,30,0.35,0.03,0,0.3256263224633511,5105875.601606728,0.471512309536342,-0.6445468242041348,-0.5006833282232659,0.1788034105613001,0.6837203200839564,50,56.401567053785044
180,30,0.35,0.03,1,0.2961541476893177,2584102.885158645,0.47629182248348007,-0.6419615656119139,-0.6231100211503743,-0.14048305247348147,0.6835891381345927,50,56.39697960054907
180,30,0.35,0.04,0,0.3192213032844651,4409176.17315519,0.47681043849083565,-0.5752326156070284,-0.39700205616923623,0.5468007821210847,0.6843762298307753,44,50.368313313076726
180,30,0.35,0.04,1,0.3231499352061138,4824734.160938771,0.4799309837703343,-0.5786488758903308,-0.47819135097867405,0.293017380355153,0.6842450478814115,44,50.36769924983968
180,40,0.25,0.01,0,0.23511960718074087,599538.4663628916,0.3969183675844491,-0.6419159495048306,-0.22868107314749975,1.1506094080354825,0.6073724255542438,110,117.59719600152442
180,40,0.25,0.01,1,0.2478366689746696,817648.4777393562,0.40063598731727923,-0.595616407899461,-0.20096911852720356,1.455574239317491,0.60724124360488,110,117.59307974732215
180,40,0.25,0.03,0,0.266988437593467,1296966.1913437636,0.40097949320902954,-0.5488502780005056,-0.22868107314749975,1.1506094080354825,0.6029122392758757,80,87.62828362083931
180,40,0.25,0.03,1,0.2657632737514981,1259511.6783488556,0.4043300390784365,-0.5537015371192653,-0.20096911852720356,1.455574239317491,0.6027810573265119,80,87.62438205457758
180,40,0.25,0.04,0,0.2635046835064174,1193187.3745674826,0.4030259763139804,-0.5583154352305679,-0.22868107314749975,1.1506094080354825,0.6034369670733307,78,85.61615668111918
180,40,0.25,0.04,1,0.2688575027356288,1356188.2701073652,0.40592334790947837,-0.5626756663221094,-0.20096911852720356,1.455574239317491,0.6033057851239669,78,85.61641392997089
180,40,0.3,0.01,0,0.3271289281728542,5284118.483018712,0.43693728293539297,-0.6419159495048303,-0.2074849651319245,1.0409781206459354,0.6601075691984782,94,100.77710092431545
180,40,0.3,0.01,1,0.32620536724783,5173863.80791038,0.4389903171184218,-0.595616407899461,-0.2310135761888069,0.9029780899982824,0.6599763872491146,94,100.77355676619226
180,40,0.3,0.03,0,0.377884214982696,16469445.927617945,0.440056968042398,-0.5488502780005065,-0.2074849651319245,1.0409781206459363,0.6536796536796536,46,52.86680971148808
180,40,0.3,0.03,1,0.3289986099753337,5514318.607756896,0.4448057476971191,-0.5752326156070288,-0.23101357618880647,0.9029780899982884,0.65354847173029,46,52.86274432338216
180,40,0.3,0.04,0,0.3339819555375201,6176254.874513099,0.4489001091838068,-0.6084200371114011,-0.20748496513192494,1.0409781206459359,0.6577462941099305,48,54.797185037861404
180,40,0.3,0.04,1,0.3237444679070669,4890832.750241929,0.45071358476971485,-0.5672706519745587,-0.2310135761888057,0.9029780899982898,0.6576151121605667,48,54.79366116373116
180,40,0.35,0.01,0,0.30335453402220103,3056213.032715593,0.4625627954044736,-0.6419159495048313,-0.33154928761238533,1.128877704630089,0.6854256854256854,102,108.37775311562731
180,40,0.35,0.01,1,0.3446369460053529,7859191.771478592,0.4664518006941472,-0.6133215502736937,-0.33154928761238545,1.9758177043771723,0.6852945034763217,102,108.38205940001444
180,40,0.35,0.03,0,0.33104432298997843,5777300.242658871,0.4670850995244362,-0.6445468242041354,-0.34420114226688636,0.8309108873455364,0.6783418601600419,46,52.46022031646039
180,40,0.35,0.03,1,0.3377595844037653,6728591.939920967,0.4740713921078545,-0.6419615656119139,-0.33154928761238545,1.0721561939834805,0.6782106782106783,46,52.46770554843484
180,40,0.35,0.04,0,0.3162140728416212,4114686.747471803,0.4742575933831839,-0.6805335860962958,-0.3442011422668855,0.8309108873455378,0.6814902269447723,42,48.39129596709695
180,40,0.35,0.04,1,0.35269778605581736,9418927.171184815,0.47893607290396834,-0.582980175932253,-0.33154928761238533,1.0721561939834818,0.6813590449954087,42,48.405291931794416
180,50,0.25,0.01,0,0.2152393535605781,366742.6374035169,0.3956620704158774,-0.6419159495048302,-0.20526306209150091,0.9657565255461351,0.599895054440509,98,105.7181461844914
180,50,0.25,0.01,1,0.26084656097721903,1119451.7080212634,0.3991677337444999,-0.595616407899461,-0.20115374769586059,1.0234155825877567,0.5997638724911453,98,105.71566881611422
180,50,0.25,0.03,0,0.2547333412838917,966207.4136903004,0.4019221240173641,-0.5488502780005062,-0.20526306209150091,0.9657565255461351,0.6002886002886003,66,73.66477321689817
180,50,0.25,0.03,1,0.28088276508318577,1804686.1609206994,0.40487246633898333,-0.5537015371192668,-0.20115374769586059,1.0234155825877567,0.6001574183392365,66,73.66730380764045
180,50,0.25,0.04,0,0.2622088314812907,1156672.4867330508,0.40535792282744937,-0.5583154352305686,-0.20526306209150091,0.9657565255461351,0.6027810573265119,64,71.62779890176733
180,50,0.25,0.04,1,0.29084665976373625,2282096.554610648,0.4075110784921845,-0.5626756663221102,-0.20115374769586059,1.0234155825877567,0.6026498753771481,64,71.63048014460036
180,50,0.3,0.01,0,0.28914166517847395,2192540.136903496,0.4345584916194301,-0.6419159495048301,-0.20748496513192438,1.155060285118466,0.6572215663124754,98,104.85900364881502
180,50,0.3,0.01,1,0.2903008368492097,2253048.5834360057,0.4371182950458361,-0.5956164078994612,-0.23101357618880636,0.816760888896608,0.6570903843631116,98,104.86524613769657
180,50,0.3,0.03,0,0.33715115888927505,6636514.068168686,0.43947461376772423,-0.5488502780005062,-0.20748496513192483,1.1550602851184628,0.6521054702872885,48,54.90913067965492
180,50,0.3,0.03,1,0.30778319624846207,3386925.400192475,0.4447647090769866,-0.5752326156070287,-0.2310135761888067,0.8167608888966051,0.6519742883379247,48,54.91715008360106
180,50,0.3,0.04,0,0.30035921880230365,2850477.3694562307,0.4481322519617759,-0.5854373689649384,-0.20748496513192505,1.1550602851184681,0.6566968385150204,48,54.83443140872361
180,50,0.3,0.04,1,0.30395047633412364,3098824.62582259,0.45090964389427807,-0.5672706519745584,-0.23101357618880636,0.8167608888966047,0.6565656565656566,48,54.84244813645629
180,50,0.35,0.01,0,0.3094221247558673,3517877.690103771,0.4603992201608226,-0.6419159495048308,-0.33154928761238533,1.045083340779665,0.6830644103371376,96,102.43112053273902
180,50,0.35,0.01,1,0.3137411301166253,3886855.271721088,0.46290846494022103,-0.6588260665468422,-0.33154928761238545,1.3017560707172957,0.6829332283877738,96,102.43454960749347
180,50,0.35,0.03,0,0.3440454806511015,7755152.158404297,0.46312038674234074,-0.6445468242041341,-0.33154928761238533,1.073546378456197,0.6755870392234029,40,46.52308747660045
180,50,0.35,0.03,1,0.31979613880021196,4467742.621821848,0.4687128961156524,-0.641961565611914,-0.33154928761238533,0.8730290866083441,0.6754558572740391,40,46.52234467438922
180,50,0.35,0.04,0,0.3395528266408432,7007220.973064813,0.46952493608236623,-0.5752326156070287,-0.33154928761238533,1.5067845544724832,0.6786042240587695,32,38.45486192231325
180,50,0.35,0.04,1,0.3386490528770152,6865428.7737572845,0.4726129725491076,-0.5672706519745584,-0.33154928761238533,1.0783029068679189,0.6784730421094057,32,38.461353900170415
