method,method_label,candidate_id,parameters,delay,cagr,post_2008_cagr,volatility,max_drawdown,dotcom_max_drawdown,trailing_252_return,return_2026_ytd,ending_value_1000,average_tqqq_weight,weight_changes,total_turnover
Baseline,Baseline,baseline,"{""ma_window"": 150, ""tolerance"": 0.03, ""vol_threshold"": 0.32, ""vol_window"": 40}",0,0.41608080544251336,0.4020930336319135,0.4457051422826285,-0.5316048869501026,-0.2310135761888068,0.33408353067595264,-0.07497850818989038,37702991.84121797,0.6649613013249377,54,60.763536591864685
Baseline,Baseline,baseline,"{""ma_window"": 150, ""tolerance"": 0.03, ""vol_threshold"": 0.32, ""vol_window"": 40}",1,0.41195425197017665,0.4086563118964357,0.44801752701271347,-0.5986999094008929,-0.3707790080622211,0.3356841873010221,-0.07129995128262956,34513311.2146069,0.6648301193755739,54,60.74721931334652
A_asymmetric_reentry,A: Faster re-entry,asym_entry_0.00,"{""entry_tolerance"": 0.0, ""exit_tolerance"": 0.03}",0,0.36742346857183117,0.33195341367792364,0.46610381647743454,-0.6583594748009733,-0.2310135761888068,0.46504862416257975,0.015829543454872974,13074650.17828375,0.7056277056277056,84,89.99125807976534
A_asymmetric_reentry,A: Faster re-entry,asym_entry_0.00,"{""entry_tolerance"": 0.0, ""exit_tolerance"": 0.03}",1,0.34513393633420475,0.31995227134754023,0.4685423293764642,-0.6880259372787018,-0.394528818511214,0.510654033459178,0.0503564299159065,7947655.447426171,0.7054965236783418,84,89.9704554134232
A_asymmetric_reentry,A: Faster re-entry,asym_entry_0.01,"{""entry_tolerance"": 0.01, ""exit_tolerance"": 0.03}",0,0.3603735875460936,0.30757016815527427,0.4617135351793373,-0.6884160382302577,-0.25945045233332686,0.44381635933654917,0.0011076007636754426,11179828.341178512,0.6951331496786042,78,84.19587171444351
A_asymmetric_reentry,A: Faster re-entry,asym_entry_0.01,"{""entry_tolerance"": 0.01, ""exit_tolerance"": 0.03}",1,0.3490797726452888,0.3025268602986131,0.46379059347659124,-0.6795004725183718,-0.3707790080622211,0.5035365075253364,0.04540762035122725,8685009.426284518,0.6950019677292405,78,84.17759875109547
A_asymmetric_reentry,A: Faster re-entry,asym_entry_0.02,"{""entry_tolerance"": 0.02, ""exit_tolerance"": 0.03}",0,0.3963565434984957,0.3718577754067707,0.4540278087146426,-0.5933584454913726,-0.25945045233332686,0.39813986200852547,-0.030563385893075057,24652509.13386102,0.6813590449954087,66,72.43311423492875
A_asymmetric_reentry,A: Faster re-entry,asym_entry_0.02,"{""entry_tolerance"": 0.02, ""exit_tolerance"": 0.03}",1,0.38792322807272583,0.3689520374865187,0.4558798695212247,-0.6187762433256292,-0.3707790080622211,0.3958414126247751,-0.02947268506204026,20519802.086911824,0.6812278630460449,66,72.41687395392535
B_exit_confirmation,B: Confirmed exit,confirm_exit_2d,"{""exit_confirmation_days"": 2}",0,0.41222493388799797,0.4065565566411278,0.45007606160094665,-0.5972177554779933,-0.3392857563953485,0.3997128914229351,-0.02947268506204026,34714283.71120899,0.6683720320083957,48,54.68708861603207
B_exit_confirmation,B: Confirmed exit,confirm_exit_2d,"{""exit_confirmation_days"": 2}",1,0.3897521756261235,0.40211120006631473,0.45601183133575546,-0.6089668868857527,-0.3356541340963066,0.30589190520592235,-0.09201449899995273,21354837.576092646,0.6682408500590319,48,54.673383569151035
B_exit_confirmation,B: Confirmed exit,confirm_exit_3d,"{""exit_confirmation_days"": 3}",0,0.39370635317836067,0.4007822337885989,0.4578541063768733,-0.5985047696451806,-0.33154928761238533,0.3684924564504415,-0.05112018513917882,23273996.463916577,0.6713892168437623,48,54.62213885381403
B_exit_confirmation,B: Confirmed exit,confirm_exit_3d,"{""exit_confirmation_days"": 3}",1,0.41476584962328555,0.4012626842675442,0.4614631359957796,-0.5672706519745582,-0.33154928761238533,0.31707052994259555,-0.08424201098501294,36656836.5013448,0.6712580348943985,48,54.59304938692206
B_exit_confirmation,B: Confirmed exit,confirm_exit_5d,"{""exit_confirmation_days"": 5}",0,0.42896781680067564,0.40331080278649334,0.4680692661848348,-0.5672706519745585,-0.33154928761238533,0.29674712236810064,-0.10086667734693044,49607465.4319538,0.6774235865144956,48,54.48238268035327
B_exit_confirmation,B: Confirmed exit,confirm_exit_5d,"{""exit_confirmation_days"": 5}",1,0.430330620759551,0.4215034701237148,0.46880043199295224,-0.5672706519745583,-0.4311910488267453,0.14556248644980374,-0.2034914038141875,51060672.16804068,0.6772924045651318,48,54.47416847404319
C_partial_riskoff,C: Partial TQQQ off,partial_riskoff_0.10,"{""riskoff_tqqq_weight"": 0.1}",0,0.41530564510683887,0.4066518916384372,0.4486778372234788,-0.5107655840901886,-0.28121698867333866,0.4199990749610769,-0.056303461603918414,37082846.59133181,0.6984520529975076,55,64.34007850247278
C_partial_riskoff,C: Partial TQQQ off,partial_riskoff_0.10,"{""riskoff_tqqq_weight"": 0.1}",1,0.41180528791154436,0.4124641893977201,0.4509528241761784,-0.5746204719029955,-0.5031615148760108,0.4215046681873531,-0.05294528356064332,34403190.69626581,0.6983208710481438,55,64.284834144907
C_partial_riskoff,C: Partial TQQQ off,partial_riskoff_0.20,"{""riskoff_tqqq_weight"": 0.2}",0,0.4075525815342189,0.4071032927769993,0.462512573595913,-0.5427223139819396,-0.5427223139819406,0.5097324104624714,-0.037573395572745416,31398881.301534206,0.7319428046700774,55,67.93690709443979
C_partial_riskoff,C: Partial TQQQ off,partial_riskoff_0.20,"{""riskoff_tqqq_weight"": 0.2}",1,0.40472447348597185,0.4121700444146137,0.4646495807289131,-0.6709958745574445,-0.6709958745574447,0.5111285880060883,-0.034546933993036544,29543161.637298167,0.7318116227207135,55,67.84298362304526
C_partial_riskoff,C: Partial TQQQ off,partial_riskoff_0.30,"{""riskoff_tqqq_weight"": 0.3}",0,0.3929984948417007,0.40347286700121865,0.4862833915765216,-0.7379484785906525,-0.7379484785906525,0.6033494941216235,-0.018796459780341723,22918601.871289924,0.7654335563426472,55,69.38458409272317
C_partial_riskoff,C: Partial TQQQ off,partial_riskoff_0.30,"{""riskoff_tqqq_weight"": 0.3}",1,0.3908784596006931,0.40780603872553267,0.488203120465483,-0.800857084818625,-0.800857084818625,0.6046219471853247,-0.016112628304170817,21885308.512105595,0.7653023743932834,55,69.26445072191349
D_shallow_rebound,D: Shallow rebound,rebound_10_0.05_0.36,"{""hard_vol_cap"": 0.36, ""ndx_short_sma"": 10, ""trend_floor"": 0.05}",0,0.331053825262966,0.35174480367709404,0.4817113204131243,-0.7440475432347056,-0.4659315379540441,0.6313832931502643,0.13116200960770108,5778549.629520447,0.7344877344877345,238,243.44740635681563
D_shallow_rebound,D: Shallow rebound,rebound_10_0.05_0.36,"{""hard_vol_cap"": 0.36, ""ndx_short_sma"": 10, ""trend_floor"": 0.05}",1,0.3101983896175897,0.3454390356733241,0.48507459913416356,-0.7661347051199052,-0.6788132830306539,0.6997352252718045,0.1818244174218111,3581597.984961532,0.7343565525383707,238,243.42620358194222
D_shallow_rebound,D: Shallow rebound,rebound_10_0.05_0.40,"{""hard_vol_cap"": 0.4, ""ndx_short_sma"": 10, ""trend_floor"": 0.05}",0,0.3518471875465028,0.36708689099975955,0.49588357383034104,-0.742807726729737,-0.571687538057265,0.6624766027594302,0.13116200960770108,9241171.758320339,0.7514102059556605,268,273.14222079748913
D_shallow_rebound,D: Shallow rebound,rebound_10_0.05_0.40,"{""hard_vol_cap"": 0.4, ""ndx_short_sma"": 10, ""trend_floor"": 0.05}",1,0.2910673954526872,0.3524990981895746,0.4978553415611348,-0.7915210636345438,-0.791521063634543,0.7287757299191531,0.1818244174218111,2293946.3676957954,0.7512790240062968,268,273.13482160078445
D_shallow_rebound,D: Shallow rebound,rebound_10_0.05_0.44,"{""hard_vol_cap"": 0.44, ""ndx_short_sma"": 10, ""trend_floor"": 0.05}",0,0.29686904066864206,0.36801159607524236,0.505319656183542,-0.8941930040919622,-0.8941930040919623,0.7100832054452837,0.13116200960770108,2627623.776697029,0.7615112160566706,292,296.98631783042026
D_shallow_rebound,D: Shallow rebound,rebound_10_0.05_0.44,"{""hard_vol_cap"": 0.44, ""ndx_short_sma"": 10, ""trend_floor"": 0.05}",1,0.248934222206318,0.3584637622692728,0.5092508834522613,-0.9399699195460879,-0.9399699195460879,0.7369354927460421,0.1818244174218111,839714.8322188223,0.7613800341073068,292,296.98085992521044
D_shallow_rebound,D: Shallow rebound,rebound_10_0.08_0.36,"{""hard_vol_cap"": 0.36, ""ndx_short_sma"": 10, ""trend_floor"": 0.08}",0,0.3053766253346477,0.30760425160205074,0.48761807190783696,-0.7653772687683255,-0.4659315379540441,0.6313832931502643,0.13116200960770108,3203143.906389743,0.7419651056014692,264,269.2797172821062
D_shallow_rebound,D: Shallow rebound,rebound_10_0.08_0.36,"{""hard_vol_cap"": 0.36, ""ndx_short_sma"": 10, ""trend_floor"": 0.08}",1,0.31210929433788426,0.35427925893195056,0.4894216135118088,-0.7940583155139431,-0.7022200327948794,0.6997352252718045,0.1818244174218111,3743247.732443102,0.7418339236521054,264,269.2582331443841
D_shallow_rebound,D: Shallow rebound,rebound_10_0.08_0.40,"{""hard_vol_cap"": 0.4, ""ndx_short_sma"": 10, ""trend_floor"": 0.08}",0,0.312486904545654,0.30058242695459403,0.5028629970319147,-0.7909570838270333,-0.571687538057265,0.6624766027594302,0.13116200960770108,3776015.3881706535,0.761248852157943,300,304.91538206347207
D_shallow_rebound,D: Shallow rebound,rebound_10_0.08_0.40,"{""hard_vol_cap"": 0.4, ""ndx_short_sma"": 10, ""trend_floor"": 0.08}",1,0.27286110776590045,0.3265432648397424,0.503982674343415,-0.8460592596949045,-0.8067141399256896,0.7287757299191531,0.1818244174218111,1491973.0036978524,0.7611176702085793,300,304.9039549248268
D_shallow_rebound,D: Shallow rebound,rebound_10_0.08_0.44,"{""hard_vol_cap"": 0.44, ""ndx_short_sma"": 10, ""trend_floor"": 0.08}",0,0.26281776076573515,0.295834873574949,0.5136874236897487,-0.8747932005576492,-0.8747932005576493,0.7100832054452837,0.13116200960770108,1173694.4284906874,0.7722681359044995,328,332.73306452866836
D_shallow_rebound,D: Shallow rebound,rebound_10_0.08_0.44,"{""hard_vol_cap"": 0.44, ""ndx_short_sma"": 10, ""trend_floor"": 0.08}",1,0.23466460974009373,0.3313731188544762,0.515885463128488,-0.9387290882355137,-0.9387290882355137,0.7369354927460421,0.1818244174218111,592884.7014705098,0.7721369539551358,328,332.7257142408724
D_shallow_rebound,D: Shallow rebound,rebound_10_0.10_0.36,"{""hard_vol_cap"": 0.36, ""ndx_short_sma"": 10, ""trend_floor"": 0.1}",0,0.3034334917236754,0.30438320074807734,0.48866113610266854,-0.7596262025675775,-0.4659315379540441,0.6313832931502643,0.13116200960770108,3061825.9999507703,0.7434081070444707,264,269.25036975251874
D_shallow_rebound,D: Shallow rebound,rebound_10_0.10_0.36,"{""hard_vol_cap"": 0.36, ""ndx_short_sma"": 10, ""trend_floor"": 0.1}",1,0.30900782406020366,0.3489834106827674,0.4917861402083826,-0.7521362534257342,-0.7022200327948794,0.6997352252718045,0.1818244174218111,3484319.5927432375,0.7432769250951069,264,269.2317913813134
D_shallow_rebound,D: Shallow rebound,rebound_10_0.10_0.40,"{""hard_vol_cap"": 0.4, ""ndx_short_sma"": 10, ""trend_floor"": 0.1}",0,0.3044434671472609,0.2874126921039244,0.5057102427674841,-0.8121226724564407,-0.571687538057265,0.6624766027594302,0.13116200960770108,3134508.570046938,0.7637413091958547,306,310.8626037662742
D_shallow_rebound,D: Shallow rebound,rebound_10_0.10_0.40,"{""hard_vol_cap"": 0.4, ""ndx_short_sma"": 10, ""trend_floor"": 0.1}",1,0.27228197324280035,0.325544135958981,0.5066921147859688,-0.8341681983399383,-0.8067141399256896,0.7287757299191531,0.1818244174218111,1471548.100202181,0.7636101272464909,306,310.83579948907084
D_shallow_rebound,D: Shallow rebound,rebound_10_0.10_0.44,"{""hard_vol_cap"": 0.44, ""ndx_short_sma"": 10, ""trend_floor"": 0.1}",0,0.25419254156738624,0.2812140682185662,0.5167491197812502,-0.8747932005576492,-0.8747932005576493,0.7100832054452837,0.13116200960770108,953672.879027157,0.7750229568411386,334,338.6710335264709
D_shallow_rebound,D: Shallow rebound,rebound_10_0.10_0.44,"{""hard_vol_cap"": 0.44, ""ndx_short_sma"": 10, ""trend_floor"": 0.1}",1,0.23432973574722582,0.3307753131868134,0.5189647213066743,-0.9387290882355137,-0.9387290882355137,0.7369354927460421,0.1818244174218111,588033.2664290643,0.7748917748917749,334,338.6455479872325
D_shallow_rebound,D: Shallow rebound,rebound_20_0.05_0.36,"{""hard_vol_cap"": 0.36, ""ndx_short_sma"": 20, ""trend_floor"": 0.05}",0,0.33485402633992023,0.38017245453276427,0.48185161042253527,-0.6694195767345068,-0.5081928317847342,0.6009538392908733,0.11006295684470091,6299730.765484603,0.7326511871966418,180,185.45018613594794
D_shallow_rebound,D: Shallow rebound,rebound_20_0.05_0.36,"{""hard_vol_cap"": 0.36, ""ndx_short_sma"": 20, ""trend_floor"": 0.05}",1,0.349340534041533,0.3494181829617191,0.4841166411880361,-0.6871725268019093,-0.4709388502726971,0.5328691900415947,0.06580260888283984,8736000.881451072,0.732520005247278,180,185.43609583370403
D_shallow_rebound,D: Shallow rebound,rebound_20_0.05_0.40,"{""hard_vol_cap"": 0.4, ""ndx_short_sma"": 20, ""trend_floor"": 0.05}",0,0.3507393410862838,0.39583719114590243,0.4975678402539393,-0.6866395766458007,-0.5918936493162532,0.6314671794752817,0.11006295684470091,9014515.627826707,0.7491801128164765,204,209.1516831163202
D_shallow_rebound,D: Shallow rebound,rebound_20_0.05_0.40,"{""hard_vol_cap"": 0.4, ""ndx_short_sma"": 20, ""trend_floor"": 0.05}",1,0.33975834211507405,0.3564991256723695,0.49776030042807473,-0.7047450048428516,-0.7047450048428513,0.5590587366105684,0.06580260888283984,7039857.068419903,0.7490489308671127,204,209.15397970494348
D_shallow_rebound,D: Shallow rebound,rebound_20_0.05_0.44,"{""hard_vol_cap"": 0.44, ""ndx_short_sma"": 20, ""trend_floor"": 0.05}",0,0.30959242029935163,0.40061992273160874,0.5068037527913297,-0.8742810119586404,-0.8742810119586404,0.6781857977580128,0.11006295684470091,3531761.969228276,0.7588875770693952,222,226.9966112675842
D_shallow_rebound,D: Shallow rebound,rebound_20_0.05_0.44,"{""hard_vol_cap"": 0.44, ""ndx_short_sma"": 20, ""trend_floor"": 0.05}",1,0.30357725496767785,0.3637647916382001,0.5089737858151858,-0.9001763114814336,-0.9001763114814338,0.5664174409837064,0.06580260888283984,3072071.4905357347,0.7587563951200315,222,227.0006538388222
D_shallow_rebound,D: Shallow rebound,rebound_20_0.08_0.36,"{""hard_vol_cap"": 0.36, ""ndx_short_sma"": 20, ""trend_floor"": 0.08}",0,0.3407060673575477,0.39624053403189263,0.4851952471560283,-0.645303040222017,-0.5456679227914212,0.6009538392908733,0.11006295684470091,7192268.375283272,0.7375049193231011,188,193.35221742319482
D_shallow_rebound,D: Shallow rebound,rebound_20_0.08_0.36,"{""hard_vol_cap"": 0.36, ""ndx_short_sma"": 20, ""trend_floor"": 0.08}",1,0.36435533489936756,0.3802973571686452,0.4871622216609374,-0.6550821571424533,-0.510999450430084,0.5328691900415947,0.06580260888283984,12214666.631905055,0.7373737373737373,188,193.3087588235457
D_shallow_rebound,D: Shallow rebound,rebound_20_0.08_0.40,"{""hard_vol_cap"": 0.4, ""ndx_short_sma"": 20, ""trend_floor"": 0.08}",0,0.34129658323580525,0.3857087816942968,0.5021219260722202,-0.6866395766458007,-0.6229908427300471,0.6314671794752817,0.11006295684470091,7288842.19761088,0.7565263019808475,220,224.98842942799445
D_shallow_rebound,D: Shallow rebound,rebound_20_0.08_0.40,"{""hard_vol_cap"": 0.4, ""ndx_short_sma"": 20, ""trend_floor"": 0.08}",1,0.3321096175387279,0.3494971094520063,0.5026571991794124,-0.7421750326727934,-0.7271017632469761,0.5590587366105684,0.06580260888283984,5919007.666929312,0.7563951200314837,220,224.96166228579887
D_shallow_rebound,D: Shallow rebound,rebound_20_0.08_0.44,"{""hard_vol_cap"": 0.44, ""ndx_short_sma"": 20, ""trend_floor"": 0.08}",0,0.30522254469561894,0.39461878352730584,0.5126748751578757,-0.8771008557911311,-0.877100855791131,0.6781857977580128,0.11006295684470091,3191711.707746112,0.7671520398793126,240,244.81386193307588
D_shallow_rebound,D: Shallow rebound,rebound_20_0.08_0.44,"{""hard_vol_cap"": 0.44, ""ndx_short_sma"": 20, ""trend_floor"": 0.08}",1,0.30140799448366007,0.35227110845116116,0.5145820282518168,-0.889192025011745,-0.8891920250117451,0.5664174409837064,0.06580260888283984,2920941.2894635526,0.7670208579299488,240,244.7877770225698
D_shallow_rebound,D: Shallow rebound,rebound_20_0.10_0.36,"{""hard_vol_cap"": 0.36, ""ndx_short_sma"": 20, ""trend_floor"": 0.1}",0,0.33954205441054763,0.39423408893066236,0.4852171138736053,-0.645303040222017,-0.5456679227914212,0.6009538392908733,0.11006295684470091,7005514.371820107,0.7376361012724649,190,195.3509578315334
D_shallow_rebound,D: Shallow rebound,rebound_20_0.10_0.36,"{""hard_vol_cap"": 0.36, ""ndx_short_sma"": 20, ""trend_floor"": 0.1}",1,0.3681430836787638,0.3866475617681362,0.4874089802389902,-0.6248672659994581,-0.510999450430084,0.5328691900415947,0.06580260888283984,13284674.549075652,0.7375049193231011,190,195.30761197239678
D_shallow_rebound,D: Shallow rebound,rebound_20_0.10_0.40,"{""hard_vol_cap"": 0.4, ""ndx_short_sma"": 20, ""trend_floor"": 0.1}",0,0.3416720694087594,0.3863510957024954,0.5029013564000284,-0.6866395766458007,-0.6229908427300471,0.6314671794752817,0.11006295684470091,7350900.630614562,0.7577069395251214,222,226.95495878808072
D_shallow_rebound,D: Shallow rebound,rebound_20_0.10_0.40,"{""hard_vol_cap"": 0.4, ""ndx_short_sma"": 20, ""trend_floor"": 0.1}",1,0.3397062358726093,0.36226236030830616,0.5034401605366705,-0.7433855594818075,-0.7271017632469761,0.5590587366105684,0.06580260888283984,7031568.655215115,0.7575757575757576,222,226.91704240218598
D_shallow_rebound,D: Shallow rebound,rebound_20_0.10_0.44,"{""hard_vol_cap"": 0.44, ""ndx_short_sma"": 20, ""trend_floor"": 0.1}",0,0.304666095240822,0.3936345403739103,0.5137154990974031,-0.8771008557911311,-0.877100855791131,0.6781857977580128,0.11006295684470091,3150752.8939076224,0.768595041322314,242,246.7711385881625
D_shallow_rebound,D: Shallow rebound,rebound_20_0.10_0.44,"{""hard_vol_cap"": 0.44, ""ndx_short_sma"": 20, ""trend_floor"": 0.1}",1,0.3090701503922315,0.36547812049474837,0.5157820011103939,-0.889192025011745,-0.8891920250117451,0.5664174409837064,0.06580260888283984,3489348.131166504,0.7684638593729503,242,246.73114632107286
D_shallow_rebound,D: Shallow rebound,rebound_30_0.05_0.36,"{""hard_vol_cap"": 0.36, ""ndx_short_sma"": 30, ""trend_floor"": 0.05}",0,0.35683567346164824,0.4136341878893912,0.4809204851404469,-0.6561095403195096,-0.5938249281795019,0.46504862416257975,0.015829543454872974,10331886.625411032,0.7292404565131838,146,151.53237442814068
D_shallow_rebound,D: Shallow rebound,rebound_30_0.05_0.36,"{""hard_vol_cap"": 0.36, ""ndx_short_sma"": 30, ""trend_floor"": 0.05}",1,0.37351422976062487,0.41283552836232995,0.48327496926853547,-0.6406619194969545,-0.45538554717232793,0.510654033459178,0.0503564299159065,14958663.759547735,0.72910927456382,146,151.5174819808797
D_shallow_rebound,D: Shallow rebound,rebound_30_0.05_0.40,"{""hard_vol_cap"": 0.4, ""ndx_short_sma"": 30, ""trend_floor"": 0.05}",0,0.35469921531182647,0.42967870982423273,0.49571166295905766,-0.7118085474135347,-0.7071071660620785,0.492971682253732,0.015829543454872974,9850319.226399802,0.745507018234291,168,173.2503378931894
D_shallow_rebound,D: Shallow rebound,rebound_30_0.05_0.40,"{""hard_vol_cap"": 0.4, ""ndx_short_sma"": 30, ""trend_floor"": 0.05}",1,0.36317720057152014,0.42024924752086923,0.4970555627521322,-0.6956164672936476,-0.6956164672936487,0.53646402717287,0.0503564299159065,11899196.307306396,0.7453758362849272,168,173.24264631453332
D_shallow_rebound,D: Shallow rebound,rebound_30_0.05_0.44,"{""hard_vol_cap"": 0.44, ""ndx_short_sma"": 30, ""trend_floor"": 0.05}",0,0.30564824857045236,0.4345773968389224,0.5059748893617989,-0.9245627009610112,-0.9245627009610111,0.535724349918534,0.015829543454872974,3223393.8184050727,0.7549521185884822,184,189.0952850743194
D_shallow_rebound,D: Shallow rebound,rebound_30_0.05_0.44,"{""hard_vol_cap"": 0.44, ""ndx_short_sma"": 30, ""trend_floor"": 0.05}",1,0.3528928066602435,0.4278563712008012,0.5083492721859352,-0.812326152788789,-0.8123261527887887,0.5437160852835909,0.0503564299159065,9460145.463185547,0.7548209366391184,184,189.0913736840107
D_shallow_rebound,D: Shallow rebound,rebound_30_0.08_0.36,"{""hard_vol_cap"": 0.36, ""ndx_short_sma"": 30, ""trend_floor"": 0.08}",0,0.36690638747508775,0.43862523206463955,0.48345191124151676,-0.6312311211322221,-0.6312311211322222,0.46504862416257975,0.015829543454872974,12925722.918756096,0.7329135510953693,152,157.44756433127753
D_shallow_rebound,D: Shallow rebound,rebound_30_0.08_0.36,"{""hard_vol_cap"": 0.36, ""ndx_short_sma"": 30, ""trend_floor"": 0.08}",1,0.39168057451308114,0.44415000901574486,0.48591418694281885,-0.6272339715772342,-0.4570563769127687,0.510654033459178,0.0503564299159065,22270843.685928978,0.7327823691460055,152,157.4223189507354
D_shallow_rebound,D: Shallow rebound,rebound_30_0.08_0.40,"{""hard_vol_cap"": 0.4, ""ndx_short_sma"": 30, ""trend_floor"": 0.08}",0,0.35058615739558285,0.4300312905140631,0.4990886334107787,-0.7340807708469449,-0.7340807708469452,0.492971682253732,0.015829543454872974,8983601.72275091,0.7508854781582054,184,189.1290150213163
D_shallow_rebound,D: Shallow rebound,rebound_30_0.08_0.40,"{""hard_vol_cap"": 0.4, ""ndx_short_sma"": 30, ""trend_floor"": 0.08}",1,0.3581297125221967,0.4117902051619795,0.501107093038264,-0.717076466596358,-0.6965502894797945,0.53646402717287,0.0503564299159065,10634556.584620869,0.7507542962088417,184,189.10321695139635
D_shallow_rebound,D: Shallow rebound,rebound_30_0.08_0.44,"{""hard_vol_cap"": 0.44, ""ndx_short_sma"": 30, ""trend_floor"": 0.08}",0,0.30647393625508834,0.4392262827000557,0.5106891960567163,-0.9275236082587017,-0.9275236082587016,0.535724349918534,0.015829543454872974,3285713.0472912635,0.761248852157943,202,206.95446655626375
D_shallow_rebound,D: Shallow rebound,rebound_30_0.08_0.44,"{""hard_vol_cap"": 0.44, ""ndx_short_sma"": 30, ""trend_floor"": 0.08}",1,0.3533668253070019,0.4146922525903931,0.5131312191637597,-0.7752999027052531,-0.7752999027052532,0.5437160852835909,0.0503564299159065,9561059.487857534,0.7611176702085793,202,206.93138492376596
D_shallow_rebound,D: Shallow rebound,rebound_30_0.10_0.36,"{""hard_vol_cap"": 0.36, ""ndx_short_sma"": 30, ""trend_floor"": 0.1}",0,0.36571962717684126,0.4365578787118134,0.48347398776114636,-0.6312311211322221,-0.6312311211322222,0.46504862416257975,0.015829543454872974,12590094.383115137,0.733044733044733,154,159.44630473961612
D_shallow_rebound,D: Shallow rebound,rebound_30_0.10_0.36,"{""hard_vol_cap"": 0.36, ""ndx_short_sma"": 30, ""trend_floor"": 0.1}",1,0.39554418413337866,0.4507939745221472,0.48616112306730164,-0.6255675002945713,-0.4570563769127687,0.510654033459178,0.0503564299159065,24221775.28186538,0.7329135510953693,154,159.42117209958647
D_shallow_rebound,D: Shallow rebound,rebound_30_0.10_0.40,"{""hard_vol_cap"": 0.4, ""ndx_short_sma"": 30, ""trend_floor"": 0.1}",0,0.34541000205239736,0.420968733218565,0.4997328350661893,-0.7340807708469449,-0.7340807708469452,0.492971682253732,0.015829543454872974,7997209.988435517,0.7519349337531156,188,193.10389847698013
D_shallow_rebound,D: Shallow rebound,rebound_30_0.10_0.40,"{""hard_vol_cap"": 0.4, ""ndx_short_sma"": 30, ""trend_floor"": 0.1}",1,0.35919528501185605,0.41362458822825077,0.5019212082507598,-0.7184048349294818,-0.6965502894797945,0.53646402717287,0.0503564299159065,10890209.685641516,0.7518037518037518,188,193.07094907172734
D_shallow_rebound,D: Shallow rebound,rebound_30_0.10_0.44,"{""hard_vol_cap"": 0.44, ""ndx_short_sma"": 30, ""trend_floor"": 0.1}",0,0.30054791492174715,0.42843404787102957,0.5115962685097304,-0.9275236082587017,-0.9275236082587016,0.535724349918534,0.015829543454872974,2863032.8123210464,0.7625606716515807,206,210.92009730692794
D_shallow_rebound,D: Shallow rebound,rebound_30_0.10_0.44,"{""hard_vol_cap"": 0.44, ""ndx_short_sma"": 30, ""trend_floor"": 0.1}",1,0.35467766363719533,0.4169615942278677,0.5143616819357186,-0.7752999027052531,-0.7752999027052532,0.5437160852835909,0.0503564299159065,9845573.76030667,0.762429489702217,206,210.88710622621295
D_shallow_rebound,D: Shallow rebound,rebound_50_0.05_0.36,"{""hard_vol_cap"": 0.36, ""ndx_short_sma"": 50, ""trend_floor"": 0.05}",0,0.386468025779354,0.40834282551867185,0.4808278718634749,-0.610324659229492,-0.3668591879576064,0.46504862416257975,0.015829543454872974,19878047.44369793,0.7253049980322708,112,117.57360347733676
D_shallow_rebound,D: Shallow rebound,rebound_50_0.05_0.36,"{""hard_vol_cap"": 0.36, ""ndx_short_sma"": 50, ""trend_floor"": 0.05}",1,0.3800455653874253,0.38840868722542576,0.4837971186354667,-0.6427873212582957,-0.35923347783905224,0.510654033459178,0.0503564299159065,17270187.681056928,0.725173816082907,112,117.57254351637067
D_shallow_rebound,D: Shallow rebound,rebound_50_0.05_0.40,"{""hard_vol_cap"": 0.4, ""ndx_short_sma"": 50, ""trend_floor"": 0.05}",0,0.4025891789809817,0.42432729133691005,0.49895757765843934,-0.6084370980582794,-0.527891838582298,0.492971682253732,0.015829543454872974,28212773.616372466,0.7428833792470156,130,135.27647750947276
D_shallow_rebound,D: Shallow rebound,rebound_50_0.05_0.40,"{""hard_vol_cap"": 0.4, ""ndx_short_sma"": 50, ""trend_floor"": 0.05}",1,0.36655356645008164,0.39569422887392647,0.5001514310640692,-0.6615895071572327,-0.5761626371456587,0.53646402717287,0.0503564299159065,12825047.980496148,0.7427521972976519,130,135.28851721897422
D_shallow_rebound,D: Shallow rebound,rebound_50_0.05_0.44,"{""hard_vol_cap"": 0.44, ""ndx_short_sma"": 50, ""trend_floor"": 0.05}",0,0.3569247050701856,0.4292076421169806,0.510689611790075,-0.8552222127497879,-0.8552222127497876,0.535724349918534,0.015829543454872974,10352441.062839162,0.7532467532467533,140,145.10623348048142
D_shallow_rebound,D: Shallow rebound,rebound_50_0.05_0.44,"{""hard_vol_cap"": 0.44, ""ndx_short_sma"": 50, ""trend_floor"": 0.05}",1,0.36157775697502825,0.40316983122819217,0.5122960664470653,-0.7059757222304813,-0.7059757222304818,0.5437160852835909,0.0503564299159065,11483494.550096909,0.7531155712973895,140,145.1230269627784
D_shallow_rebound,D: Shallow rebound,rebound_50_0.08_0.36,"{""hard_vol_cap"": 0.36, ""ndx_short_sma"": 50, ""trend_floor"": 0.08}",0,0.39800998208519456,0.4278065904529378,0.482681848015482,-0.6078787773497505,-0.3668591879576064,0.46504862416257975,0.015829543454872974,25552202.11331433,0.7275350911714548,114,119.52134919224247
D_shallow_rebound,D: Shallow rebound,rebound_50_0.08_0.36,"{""hard_vol_cap"": 0.36, ""ndx_short_sma"": 50, ""trend_floor"": 0.08}",1,0.38877455703350505,0.40297847912225193,0.4855224551980717,-0.632069901387339,-0.35923347783905224,0.510654033459178,0.0503564299159065,20904485.067189097,0.7274039092220911,114,119.51214629953859
D_shallow_rebound,D: Shallow rebound,rebound_50_0.08_0.40,"{""hard_vol_cap"": 0.4, ""ndx_short_sma"": 50, ""trend_floor"": 0.08}",0,0.4103905991087844,0.4374677366614317,0.5009366638792506,-0.5664725291967849,-0.527891838582298,0.492971682253732,0.015829543454872974,33374187.327636313,0.7456382001836547,134,139.21077364109425
D_shallow_rebound,D: Shallow rebound,rebound_50_0.08_0.40,"{""hard_vol_cap"": 0.4, ""ndx_short_sma"": 50, ""trend_floor"": 0.08}",1,0.3675383617133343,0.3973598590973335,0.5022622870523676,-0.6254010716163274,-0.5761626371456587,0.53646402717287,0.0503564299159065,13107965.747774296,0.745507018234291,134,139.21363160528648
D_shallow_rebound,D: Shallow rebound,rebound_50_0.08_0.44,"{""hard_vol_cap"": 0.44, ""ndx_short_sma"": 50, ""trend_floor"": 0.08}",0,0.3694929938916105,0.44671054462926785,0.5140197016499011,-0.8467955532385326,-0.8467955532385323,0.535724349918534,0.015829543454872974,13687488.302557854,0.7569198478289387,146,151.02103396592037
D_shallow_rebound,D: Shallow rebound,rebound_50_0.08_0.44,"{""hard_vol_cap"": 0.44, ""ndx_short_sma"": 50, ""trend_floor"": 0.08}",1,0.36810209552755224,0.4002322437978607,0.5151731333908,-0.646884223731925,-0.6468842237319254,0.5437160852835909,0.0503564299159065,13272624.777763648,0.7567886658795749,146,151.02758195198288
D_shallow_rebound,D: Shallow rebound,rebound_50_0.10_0.36,"{""hard_vol_cap"": 0.36, ""ndx_short_sma"": 50, ""trend_floor"": 0.1}",0,0.4024144199623767,0.4352618743593577,0.4830303303238396,-0.6078787773497505,-0.3668591879576064,0.46504862416257975,0.015829543454872974,28106492.95324325,0.7276662731208186,112,117.51394146700744
D_shallow_rebound,D: Shallow rebound,rebound_50_0.10_0.36,"{""hard_vol_cap"": 0.36, ""ndx_short_sma"": 50, ""trend_floor"": 0.1}",1,0.3899644262859274,0.4049691840513172,0.48553472149097054,-0.632069901387339,-0.35923347783905224,0.510654033459178,0.0503564299159065,21453845.79113374,0.7275350911714548,112,117.51059299254459
D_shallow_rebound,D: Shallow rebound,rebound_50_0.10_0.40,"{""hard_vol_cap"": 0.4, ""ndx_short_sma"": 50, ""trend_floor"": 0.1}",0,0.4104556962313799,0.4375775850033663,0.5015932270818462,-0.5664725291967851,-0.527891838582298,0.492971682253732,0.015829543454872974,33420876.725762073,0.7459005640823823,132,137.1974151991503
D_shallow_rebound,D: Shallow rebound,rebound_50_0.10_0.40,"{""hard_vol_cap"": 0.4, ""ndx_short_sma"": 50, ""trend_floor"": 0.1}",1,0.3711909336613666,0.4035444922346405,0.5022806074536489,-0.6254010716163283,-0.5761626371456587,0.53646402717287,0.0503564299159065,14210948.771825934,0.7457693821330185,132,137.20153677766564
D_shallow_rebound,D: Shallow rebound,rebound_50_0.10_0.44,"{""hard_vol_cap"": 0.44, ""ndx_short_sma"": 50, ""trend_floor"": 0.1}",0,0.36858920030368747,0.44513015724404537,0.5149362928791708,-0.8467955532385326,-0.8467955532385323,0.535724349918534,0.015829543454872974,13416510.760319712,0.7574445756263938,144,148.9984228189768
D_shallow_rebound,D: Shallow rebound,rebound_50_0.10_0.44,"{""hard_vol_cap"": 0.44, ""ndx_short_sma"": 50, ""trend_floor"": 0.1}",1,0.3720083614517873,0.4068577031325824,0.5156251587130672,-0.646884223731925,-0.6468842237319254,0.5437160852835909,0.0503564299159065,14469807.289103402,0.75731339367703,144,149.00347630647803
E_credit_health,E: Healthy credit,credit_1.75_0.05_0.36,"{""baa10y_threshold_pct_points"": 1.75, ""hard_vol_cap"": 0.36, ""trend_floor"": 0.05}",0,0.40267425280492253,0.3822212615151481,0.45446391440688017,-0.531604886950102,-0.33154928761238533,0.3735273942102073,-0.04762908017414669,28264652.268206302,0.6784730421094057,60,66.52353291905467
E_credit_health,E: Healthy credit,credit_1.75_0.05_0.36,"{""baa10y_threshold_pct_points"": 1.75, ""hard_vol_cap"": 0.36, ""trend_floor"": 0.05}",1,0.41728317221940814,0.39058209773830366,0.45852872563296265,-0.5986999094008927,-0.33154928761238533,0.5979055346921727,0.11102232250948596,38684799.16129799,0.6783418601600419,60,66.5036184663773
E_credit_health,E: Healthy credit,credit_1.75_0.05_0.40,"{""baa10y_threshold_pct_points"": 1.75, ""hard_vol_cap"": 0.4, ""trend_floor"": 0.05}",0,0.38984268357310947,0.3822212615151481,0.458125307634218,-0.5316048869501027,-0.33154928761238533,0.3735273942102073,-0.04762908017414669,21397002.51651457,0.6813590449954087,58,64.48082993109297
E_credit_health,E: Healthy credit,credit_1.75_0.05_0.40,"{""baa10y_threshold_pct_points"": 1.75, ""hard_vol_cap"": 0.4, ""trend_floor"": 0.05}",1,0.39168186677693106,0.39058209773830366,0.4614229481998527,-0.5986999094008925,-0.33154928761238533,0.5979055346921727,0.11102232250948596,22271470.077364843,0.6812278630460449,58,64.46119132680217
E_credit_health,E: Healthy credit,credit_1.75_0.05_0.44,"{""baa10y_threshold_pct_points"": 1.75, ""hard_vol_cap"": 0.44, ""trend_floor"": 0.05}",0,0.382201686392041,0.3822212615151481,0.4608790877808849,-0.5316048869501027,-0.3485766066566378,0.3735273942102073,-0.04762908017414669,18106440.90383757,0.6826708644890463,62,68.46197585236942
E_credit_health,E: Healthy credit,credit_1.75_0.05_0.44,"{""baa10y_threshold_pct_points"": 1.75, ""hard_vol_cap"": 0.44, ""trend_floor"": 0.05}",1,0.39790157866892417,0.39058209773830366,0.4640375281647663,-0.5986999094008929,-0.33154928761238533,0.5979055346921727,0.11102232250948596,25492256.205049325,0.6825396825396826,62,68.44195974734079
E_credit_health,E: Healthy credit,credit_1.75_0.08_0.36,"{""baa10y_threshold_pct_points"": 1.75, ""hard_vol_cap"": 0.36, ""trend_floor"": 0.08}",0,0.40595577152399454,0.38757916550076477,0.45463816974129734,-0.531604886950102,-0.33154928761238533,0.3735273942102073,-0.04762908017414669,30337683.42761528,0.6786042240587695,58,64.52293664208923
E_credit_health,E: Healthy credit,credit_1.75_0.08_0.36,"{""baa10y_threshold_pct_points"": 1.75, ""hard_vol_cap"": 0.36, ""trend_floor"": 0.08}",1,0.41820276551226776,0.39207624911398,0.4585378706495119,-0.5986999094008927,-0.33154928761238533,0.5979055346921727,0.11102232250948596,39452343.50338235,0.6784730421094057,58,64.50200973271441
E_credit_health,E: Healthy credit,credit_1.75_0.08_0.40,"{""baa10y_threshold_pct_points"": 1.75, ""hard_vol_cap"": 0.4, ""trend_floor"": 0.08}",0,0.39309418318079814,0.38757916550076477,0.4582983284487405,-0.5316048869501027,-0.33154928761238533,0.3735273942102073,-0.04762908017414669,22966335.565928325,0.6814902269447723,56,62.48023365412753
E_credit_health,E: Healthy credit,credit_1.75_0.08_0.40,"{""baa10y_threshold_pct_points"": 1.75, ""hard_vol_cap"": 0.4, ""trend_floor"": 0.08}",1,0.3925848488595294,0.39207624911398,0.4614321309534611,-0.5986999094008925,-0.33154928761238533,0.5979055346921727,0.11102232250948596,22713357.8787337,0.6813590449954087,56,62.45958259313926
E_credit_health,E: Healthy credit,credit_1.75_0.08_0.44,"{""baa10y_threshold_pct_points"": 1.75, ""hard_vol_cap"": 0.44, ""trend_floor"": 0.08}",0,0.38543531009216836,0.38757916550076477,0.4610511627279781,-0.5316048869501027,-0.3485766066566378,0.3735273942102073,-0.04762908017414669,19434432.34075593,0.68280204643841,60,66.46137957540398
E_credit_health,E: Healthy credit,credit_1.75_0.08_0.44,"{""baa10y_threshold_pct_points"": 1.75, ""hard_vol_cap"": 0.44, ""trend_floor"": 0.08}",1,0.3988085963637782,0.39207624911398,0.46404662725225626,-0.5986999094008929,-0.33154928761238533,0.5979055346921727,0.11102232250948596,25998047.560862433,0.6826708644890463,60,66.44035101367788
E_credit_health,E: Healthy credit,credit_1.75_0.10_0.36,"{""baa10y_threshold_pct_points"": 1.75, ""hard_vol_cap"": 0.36, ""trend_floor"": 0.1}",0,0.40595577152399454,0.38757916550076477,0.45463816974129734,-0.531604886950102,-0.33154928761238533,0.3735273942102073,-0.04762908017414669,30337683.42761528,0.6786042240587695,58,64.52293664208923
E_credit_health,E: Healthy credit,credit_1.75_0.10_0.36,"{""baa10y_threshold_pct_points"": 1.75, ""hard_vol_cap"": 0.36, ""trend_floor"": 0.1}",1,0.41820276551226776,0.39207624911398,0.4585378706495119,-0.5986999094008927,-0.33154928761238533,0.5979055346921727,0.11102232250948596,39452343.50338235,0.6784730421094057,58,64.50200973271441
E_credit_health,E: Healthy credit,credit_1.75_0.10_0.40,"{""baa10y_threshold_pct_points"": 1.75, ""hard_vol_cap"": 0.4, ""trend_floor"": 0.1}",0,0.39309418318079814,0.38757916550076477,0.4582983284487405,-0.5316048869501027,-0.33154928761238533,0.3735273942102073,-0.04762908017414669,22966335.565928325,0.6814902269447723,56,62.48023365412753
E_credit_health,E: Healthy credit,credit_1.75_0.10_0.40,"{""baa10y_threshold_pct_points"": 1.75, ""hard_vol_cap"": 0.4, ""trend_floor"": 0.1}",1,0.3925848488595294,0.39207624911398,0.4614321309534611,-0.5986999094008925,-0.33154928761238533,0.5979055346921727,0.11102232250948596,22713357.8787337,0.6813590449954087,56,62.45958259313926
E_credit_health,E: Healthy credit,credit_1.75_0.10_0.44,"{""baa10y_threshold_pct_points"": 1.75, ""hard_vol_cap"": 0.44, ""trend_floor"": 0.1}",0,0.38543531009216836,0.38757916550076477,0.4610511627279781,-0.5316048869501027,-0.3485766066566378,0.3735273942102073,-0.04762908017414669,19434432.34075593,0.68280204643841,60,66.46137957540398
E_credit_health,E: Healthy credit,credit_1.75_0.10_0.44,"{""baa10y_threshold_pct_points"": 1.75, ""hard_vol_cap"": 0.44, ""trend_floor"": 0.1}",1,0.3988085963637782,0.39207624911398,0.46404662725225626,-0.5986999094008929,-0.33154928761238533,0.5979055346921727,0.11102232250948596,25998047.560862433,0.6826708644890463,60,66.44035101367788
E_credit_health,E: Healthy credit,credit_2.00_0.05_0.36,"{""baa10y_threshold_pct_points"": 2.0, ""hard_vol_cap"": 0.36, ""trend_floor"": 0.05}",0,0.40151006568808767,0.38032240660463246,0.46207584781371897,-0.6574250843435636,-0.33154928761238533,0.5180476220651618,0.05257777621316828,27562661.01630034,0.6892299619572347,64,70.29408744424592
E_credit_health,E: Healthy credit,credit_2.00_0.05_0.36,"{""baa10y_threshold_pct_points"": 2.0, ""hard_vol_cap"": 0.36, ""trend_floor"": 0.05}",1,0.3866986346917449,0.34125138352194306,0.4657277515177081,-0.678144152573966,-0.33154928761238533,0.42453769632740346,-0.009520184069653603,19978437.291887466,0.689098780007871,64,70.27885043163586
E_credit_health,E: Healthy credit,credit_2.00_0.05_0.40,"{""baa10y_threshold_pct_points"": 2.0, ""hard_vol_cap"": 0.4, ""trend_floor"": 0.05}",0,0.38955501801113446,0.3817476341696848,0.4657225770936391,-0.6574250843435634,-0.33154928761238533,0.5469808132486895,0.05257777621316828,21263265.710961178,0.6925095106913288,62,68.24617586916129
E_credit_health,E: Healthy credit,credit_2.00_0.05_0.40,"{""baa10y_threshold_pct_points"": 2.0, ""hard_vol_cap"": 0.4, ""trend_floor"": 0.05}",1,0.3624115858556185,0.3424939656798667,0.4686202592860792,-0.6781441525739659,-0.33154928761238533,0.4488763656539183,-0.009520184069653603,11698426.074157055,0.6923783287419651,62,68.23180636954137
E_credit_health,E: Healthy credit,credit_2.00_0.05_0.44,"{""baa10y_threshold_pct_points"": 2.0, ""hard_vol_cap"": 0.44, ""trend_floor"": 0.05}",0,0.3925008739213749,0.3838816866651442,0.4689903540826753,-0.6574250843435641,-0.33154928761238533,0.5912800838770569,0.05257777621316828,22671908.550154615,0.6943460579824217,66,72.21586509771635
E_credit_health,E: Healthy credit,credit_2.00_0.05_0.44,"{""baa10y_threshold_pct_points"": 2.0, ""hard_vol_cap"": 0.44, ""trend_floor"": 0.05}",1,0.3746799235942806,0.3428395539803448,0.47155382552862807,-0.6781441525739654,-0.33154928761238533,0.45571501297214123,-0.009520184069653603,15348016.459985951,0.6942148760330579,66,72.20604913174162
E_credit_health,E: Healthy credit,credit_2.00_0.08_0.36,"{""baa10y_threshold_pct_points"": 2.0, ""hard_vol_cap"": 0.36, ""trend_floor"": 0.08}",0,0.40051799735854954,0.3787051030343329,0.46386637625264276,-0.6411939696725949,-0.33154928761238533,0.6054498211184709,0.11318036270549303,26977786.395449296,0.6898858717040536,60,66.27403740364844
E_credit_health,E: Healthy credit,credit_2.00_0.08_0.36,"{""baa10y_threshold_pct_points"": 2.0, ""hard_vol_cap"": 0.36, ""trend_floor"": 0.08}",1,0.3878012514117686,0.34301755265038514,0.46657509966692434,-0.7165647307521992,-0.33154928761238533,0.6010092926486279,0.11318036270549303,20465249.26532925,0.6897546897546898,60,66.25754993303248
E_credit_health,E: Healthy credit,credit_2.00_0.08_0.40,"{""baa10y_threshold_pct_points"": 2.0, ""hard_vol_cap"": 0.4, ""trend_floor"": 0.08}",0,0.3885714121425299,0.38012866068109763,0.4674991494725289,-0.6411939696725946,-0.33154928761238533,0.6360488523575489,0.11318036270549303,20812063.105254922,0.6931654204381477,58,64.2261258285638
E_credit_health,E: Healthy credit,credit_2.00_0.08_0.40,"{""baa10y_threshold_pct_points"": 2.0, ""hard_vol_cap"": 0.4, ""trend_floor"": 0.08}",1,0.36349489102123766,0.34426177104911604,0.46946255196061876,-0.7165647307521992,-0.33154928761238533,0.6283630340504252,0.11318036270549303,11983480.095155794,0.693034238488784,58,64.210505870938
E_credit_health,E: Healthy credit,credit_2.00_0.08_0.44,"{""baa10y_threshold_pct_points"": 2.0, ""hard_vol_cap"": 0.44, ""trend_floor"": 0.08}",0,0.3915151828088441,0.3822602127384682,0.4707545886728592,-0.6411939696725948,-0.33154928761238533,0.6828986712118741,0.11318036270549303,22190814.80128193,0.6950019677292405,62,68.19581505711886
E_credit_health,E: Healthy credit,credit_2.00_0.08_0.44,"{""baa10y_threshold_pct_points"": 2.0, ""hard_vol_cap"": 0.44, ""trend_floor"": 0.08}",1,0.37577298378091073,0.3446078144226665,0.4723907829915025,-0.7165647307521992,-0.33154928761238533,0.6360488523575489,0.11318036270549303,15721999.573486803,0.6948707857798767,62,68.18474863313824
E_credit_health,E: Healthy credit,credit_2.00_0.10_0.36,"{""baa10y_threshold_pct_points"": 2.0, ""hard_vol_cap"": 0.36, ""trend_floor"": 0.1}",0,0.40051799735854954,0.3787051030343329,0.46386637625264276,-0.6411939696725949,-0.33154928761238533,0.6054498211184709,0.11318036270549303,26977786.395449296,0.6898858717040536,60,66.27403740364844
E_credit_health,E: Healthy credit,credit_2.00_0.10_0.36,"{""baa10y_threshold_pct_points"": 2.0, ""hard_vol_cap"": 0.36, ""trend_floor"": 0.1}",1,0.3878012514117686,0.34301755265038514,0.46657509966692434,-0.7165647307521992,-0.33154928761238533,0.6010092926486279,0.11318036270549303,20465249.26532925,0.6897546897546898,60,66.25754993303248
E_credit_health,E: Healthy credit,credit_2.00_0.10_0.40,"{""baa10y_threshold_pct_points"": 2.0, ""hard_vol_cap"": 0.4, ""trend_floor"": 0.1}",0,0.3885714121425299,0.38012866068109763,0.4674991494725289,-0.6411939696725946,-0.33154928761238533,0.6360488523575489,0.11318036270549303,20812063.105254922,0.6931654204381477,58,64.2261258285638
E_credit_health,E: Healthy credit,credit_2.00_0.10_0.40,"{""baa10y_threshold_pct_points"": 2.0, ""hard_vol_cap"": 0.4, ""trend_floor"": 0.1}",1,0.36349489102123766,0.34426177104911604,0.46946255196061876,-0.7165647307521992,-0.33154928761238533,0.6283630340504252,0.11318036270549303,11983480.095155794,0.693034238488784,58,64.210505870938
E_credit_health,E: Healthy credit,credit_2.00_0.10_0.44,"{""baa10y_threshold_pct_points"": 2.0, ""hard_vol_cap"": 0.44, ""trend_floor"": 0.1}",0,0.3915151828088441,0.3822602127384682,0.4707545886728592,-0.6411939696725948,-0.33154928761238533,0.6828986712118741,0.11318036270549303,22190814.80128193,0.6950019677292405,62,68.19581505711886
E_credit_health,E: Healthy credit,credit_2.00_0.10_0.44,"{""baa10y_threshold_pct_points"": 2.0, ""hard_vol_cap"": 0.44, ""trend_floor"": 0.1}",1,0.37577298378091073,0.3446078144226665,0.4723907829915025,-0.7165647307521992,-0.33154928761238533,0.6360488523575489,0.11318036270549303,15721999.573486803,0.6948707857798767,62,68.18474863313824
E_credit_health,E: Healthy credit,credit_2.25_0.05_0.36,"{""baa10y_threshold_pct_points"": 2.25, ""hard_vol_cap"": 0.36, ""trend_floor"": 0.05}",0,0.3683268352344089,0.3147206762238759,0.47867132813182334,-0.8900063225912792,-0.33154928761238533,0.5180476220651618,0.05257777621316828,13338824.302480906,0.7144168962350781,86,91.83594860827547
E_credit_health,E: Healthy credit,credit_2.25_0.05_0.36,"{""baa10y_threshold_pct_points"": 2.25, ""hard_vol_cap"": 0.36, ""trend_floor"": 0.05}",1,0.3660630352752434,0.3214804354636984,0.48523919522236264,-0.8098720292094144,-0.33154928761238533,0.42453769632740346,-0.009520184069653603,12686337.496715061,0.7142857142857143,86,91.80902748576864
E_credit_health,E: Healthy credit,credit_2.25_0.05_0.40,"{""baa10y_threshold_pct_points"": 2.25, ""hard_vol_cap"": 0.4, ""trend_floor"": 0.05}",0,0.3682277997767178,0.31549858527315844,0.4890859222202829,-0.8908891452758158,-0.33154928761238533,0.5469808132486895,0.05257777621316828,13309613.077509498,0.7243867243867244,90,95.68345484516232
E_credit_health,E: Healthy credit,credit_2.25_0.05_0.40,"{""baa10y_threshold_pct_points"": 2.25, ""hard_vol_cap"": 0.4, ""trend_floor"": 0.05}",1,0.35286199473272184,0.3185171246884051,0.49474613003523993,-0.8205877968058914,-0.33154928761238533,0.4488763656539183,-0.009520184069653603,9453621.6719346,0.7242555424373606,90,95.66065602763744
E_credit_health,E: Healthy credit,credit_2.25_0.05_0.44,"{""baa10y_threshold_pct_points"": 2.25, ""hard_vol_cap"": 0.44, ""trend_floor"": 0.05}",0,0.35186554840321715,0.3175303188323493,0.49548789699792634,-0.8908891452758158,-0.49745636218440714,0.5912800838770569,0.05257777621316828,9244974.268395713,0.7277974550701823,92,97.62625046940207
E_credit_health,E: Healthy credit,credit_2.25_0.05_0.44,"{""baa10y_threshold_pct_points"": 2.25, ""hard_vol_cap"": 0.44, ""trend_floor"": 0.05}",1,0.3535850778759362,0.31885654080789716,0.5013274325945322,-0.8205877968058917,-0.3694926282760357,0.45571501297214123,-0.009520184069653603,9607872.597061982,0.7276662731208186,92,97.60667650210608
E_credit_health,E: Healthy credit,credit_2.25_0.08_0.36,"{""baa10y_threshold_pct_points"": 2.25, ""hard_vol_cap"": 0.36, ""trend_floor"": 0.08}",0,0.3474101059922887,0.30684038657750445,0.48553975175107555,-0.8945563875096151,-0.33154928761238533,0.6054498211184709,0.11318036270549303,8365264.918612451,0.7175652630198085,78,83.75443236282231
E_credit_health,E: Healthy credit,credit_2.25_0.08_0.36,"{""baa10y_threshold_pct_points"": 2.25, ""hard_vol_cap"": 0.36, ""trend_floor"": 0.08}",1,0.3576041118852167,0.2949113382143176,0.4910173644396966,-0.8872774289030184,-0.33154928761238533,0.6010092926486279,0.11318036270549303,10510600.958651502,0.7174340810704447,78,83.70568404797342
E_credit_health,E: Healthy credit,credit_2.25_0.08_0.40,"{""baa10y_threshold_pct_points"": 2.25, ""hard_vol_cap"": 0.4, ""trend_floor"": 0.08}",0,0.34204521241359864,0.2991605662526342,0.4965247013625444,-0.907105180918392,-0.33154928761238533,0.6360488523575489,0.11318036270549303,7413077.805413269,0.7284533648170012,84,89.57562613243061
E_credit_health,E: Healthy credit,credit_2.25_0.08_0.40,"{""baa10y_threshold_pct_points"": 2.25, ""hard_vol_cap"": 0.4, ""trend_floor"": 0.08}",1,0.3354136729783115,0.27760718555483677,0.5014865849601216,-0.9133510480764313,-0.33154928761238533,0.6283630340504252,0.11318036270549303,6380224.596902095,0.7283221828676374,84,89.53127881472898
E_credit_health,E: Healthy credit,credit_2.25_0.08_0.44,"{""baa10y_threshold_pct_points"": 2.25, ""hard_vol_cap"": 0.44, ""trend_floor"": 0.08}",0,0.3201448981523338,0.29167477193121005,0.5033450870835714,-0.907105180918392,-0.49745636218440714,0.6828986712118741,0.11318036270549303,4503641.458508198,0.731995277449823,88,93.5108477832409
E_credit_health,E: Healthy credit,credit_2.25_0.08_0.44,"{""baa10y_threshold_pct_points"": 2.25, ""hard_vol_cap"": 0.44, ""trend_floor"": 0.08}",1,0.33816454390049366,0.28116352345285733,0.508064347019361,-0.9133510480764312,-0.3694926282760357,0.6360488523575489,0.11318036270549303,6790561.133592565,0.7318640955004592,88,93.4724331114822
E_credit_health,E: Healthy credit,credit_2.25_0.10_0.36,"{""baa10y_threshold_pct_points"": 2.25, ""hard_vol_cap"": 0.36, ""trend_floor"": 0.1}",0,0.3445835200791514,0.3023046007549284,0.4863418955181165,-0.9010545589885335,-0.33154928761238533,0.6054498211184709,0.11318036270549303,7849738.898364585,0.7182211727666273,78,83.72263365734658
E_credit_health,E: Healthy credit,credit_2.25_0.10_0.36,"{""baa10y_threshold_pct_points"": 2.25, ""hard_vol_cap"": 0.36, ""trend_floor"": 0.1}",1,0.36034544725890805,0.29924328207820294,0.4910963845744056,-0.8801752975253939,-0.33154928761238533,0.6010092926486279,0.11318036270549303,11172825.641247714,0.7180899908172635,78,83.69347629248321
E_credit_health,E: Healthy credit,credit_2.25_0.10_0.40,"{""baa10y_threshold_pct_points"": 2.25, ""hard_vol_cap"": 0.4, ""trend_floor"": 0.1}",0,0.3340093598855669,0.2863065106995786,0.49769915899967043,-0.9225558924959861,-0.33154928761238533,0.6360488523575489,0.11318036270549303,6180099.172093754,0.7292404565131838,84,89.53914202201426
E_credit_health,E: Healthy credit,credit_2.25_0.10_0.40,"{""baa10y_threshold_pct_points"": 2.25, ""hard_vol_cap"": 0.4, ""trend_floor"": 0.1}",1,0.33182310208360954,0.27192483019341007,0.502208856303213,-0.9201368175064217,-0.33154928761238533,0.6283630340504252,0.11318036270549303,5880567.854783379,0.72910927456382,84,89.5105911656539
E_credit_health,E: Healthy credit,credit_2.25_0.10_0.44,"{""baa10y_threshold_pct_points"": 2.25, ""hard_vol_cap"": 0.44, ""trend_floor"": 0.1}",0,0.31123252100510657,0.27889478175434124,0.5045442124708476,-0.9225558924959861,-0.49745636218440714,0.6828986712118741,0.11318036270549303,3668221.4301358396,0.7331759149940968,90,95.46253763050933
E_credit_health,E: Healthy credit,credit_2.25_0.10_0.44,"{""baa10y_threshold_pct_points"": 2.25, ""hard_vol_cap"": 0.44, ""trend_floor"": 0.1}",1,0.34112302424488883,0.2754653507291378,0.510108516568076,-0.9201368175064216,-0.3694926282760357,0.6360488523575489,0.11318036270549303,7260328.7521867445,0.733044733044733,90,95.43854622919346
