date,series,tqqq_weight,gross_return,trading_cost,net_return,nav_1000
2026-01-02,Baseline,1.0,-0.0070182686328313,0.0,-0.0070182686328313,36902213.55369385
2026-01-05,Baseline,1.0,0.0238777377843546,0.0,0.0238777377843546,37783354.93259121
2026-01-06,Baseline,1.0,0.0263059762007025,0.0,0.0263059762007025,38777282.96823065
2026-01-07,Baseline,1.0,0.0029085755398201,0.0,0.0029085755398201,38890069.62497272
2026-01-08,Baseline,1.0,-0.0177632725361689,0.0,-0.0177632725361689,38199254.719273746
2026-01-09,Baseline,1.0,0.0289720835403131,0.0,0.0289720835403131,39305966.71817825
2026-01-12,Baseline,1.0,0.0023314569341057,0.0,0.0023314569341057,39397606.886835076
2026-01-13,Baseline,1.0,-0.0051887449029346,0.0,-0.0051887449029346,39193182.75491319
2026-01-14,Baseline,1.0,-0.0318344641948525,0.0,-0.0318344641948525,37945488.7818196
2026-01-15,Baseline,1.0,0.01021733513535,0.0,0.01021733513535,38333190.55757812
2026-01-16,Baseline,1.0,-0.0044134776189845,0.0,-0.0044134776189845,38164007.87898798
2026-01-20,Baseline,1.0,-0.0629848199409854,0.0,-0.0629848199409854,35760254.71450358
2026-01-21,Baseline,1.0,0.0394244345734537,0.0,0.0394244345734537,37170082.53682557
2026-01-22,Baseline,1.0,0.0221884912337553,0.0,0.0221884912337553,37994830.58735188
2026-01-23,Baseline,1.0,0.0089054212111392,0.0,0.0089054212111392,38333190.557578124
2026-01-26,Baseline,1.0,0.0128723854174799,0.0,0.0128723854174799,38826630.16071697
2026-01-27,Baseline,1.0,0.0265068634127685,0.0,0.0265068634127685,39855802.343165174
2026-01-28,Baseline,1.0,0.0091970369713587,0.0,0.0091970369713587,40222357.63083843
2026-01-29,Baseline,1.0,-0.0178759515596306,0.0,-0.0178759515596306,39503344.71421543
2026-01-30,Baseline,1.0,-0.0364025666730827,0.0,-0.0364025666730827,38065321.574446425
2026-02-02,Baseline,1.0,0.0203703402321331,0.0,0.0203703402321331,38840725.12596346
2026-02-03,Baseline,1.0,-0.0468239478091012,0.0,-0.0468239478091012,37022049.0397977
2026-02-04,Baseline,1.0,-0.052551397129314,0.0,-0.052551397129314,35076488.63816636
2026-02-05,Baseline,1.0,-0.042604505928623,0.0,-0.042604505928623,33582072.170026325
2026-02-06,Baseline,1.0,0.0619228089740024,0.0,0.0619228089740024,35661568.40996203
2026-02-09,Baseline,1.0,0.0227317649768976,0.0,0.0227317649768976,36472218.801764846
2026-02-10,Baseline,1.0,-0.0139157959678288,0.0,-0.0139157959678288,35964678.84642548
2026-02-11,Baseline,1.0,0.0074481127518346,0.0,0.0074481127518346,36232547.82955718
2026-02-12,Baseline,1.0,-0.0610895318533855,0.0,-0.0610895318533855,34019118.44479413
2026-02-13,Baseline,1.0,0.0043514795149113,0.0,0.0043514795149113,34167151.941822
2026-02-17,Baseline,1.0,-0.002475808912581,0.0,-0.002475808912581,34082560.602526926
2026-02-18,Baseline,1.0,0.0215098444009562,0.0,0.0215098444009562,34815671.17787344
2026-02-19,Baseline,1.0,-0.0113383023151696,0.0,-0.0113383023151696,34420920.572753176
2026-02-20,Baseline,1.0,0.025189440193537,0.0,0.025189440193537,35287964.29292703
2026-02-23,Baseline,1.0,-0.036356404586182,0.0,-0.036356404586182,34005020.78607063
2026-02-24,Baseline,1.0,0.0319236832010385,0.0,0.0319236832010385,35090586.29688988
2026-02-25,Baseline,1.0,0.0419847638791193,0.0,0.0419847638791193,36563856.27694466
2026-02-26,Baseline,1.0,-0.0350877516074626,0.0,-0.0350877516074626,35280912.77008826
2026-02-27,Baseline,1.0,-0.0105893355422124,0.0,-0.0105893355422124,34907311.346530266
2026-03-02,Baseline,1.0,0.0036348922495343,0.0,0.0036348922495343,35034195.66199585
2026-03-03,Baseline,1.0,-0.0321932287193131,0.0,-0.0321932287193131,33906331.78805205
2026-03-04,Baseline,1.0,0.0449064143861055,0.0,0.0449064143861055,35428943.5736391
2026-03-05,Baseline,1.0,-0.0091523930808646,0.0,-0.0091523930808646,35104683.95561338
2026-03-06,Baseline,1.0,-0.045381487401964,0.0,-0.045381487401964,33511581.18293179
2026-03-09,Baseline,1.0,0.0389146065004495,0.0,0.0389146065004495,34815671.17787345
2026-03-10,Baseline,1.0,0.0002024613952074,0.0,0.0002024613952074,34822720.0072352
2026-03-11,Baseline,1.0,-0.001012179412707,0.0,-0.001012179412707,34787473.16694941
2026-03-12,Baseline,1.0,-0.0510637180951932,0.0,-0.0510637180951932,33011095.44390821
2026-03-13,Baseline,1.0,-0.0192185161465774,0.0,-0.0192185161465774,32376671.17310325
2026-03-16,Baseline,1.0,0.0333115370536754,0.0,0.0333115370536754,33455187.854560748
2026-03-17,Baseline,1.0,0.0147492701366367,0.0,0.0147492701366367,33948627.45769959
2026-03-18,Baseline,1.0,-0.0427741443679537,0.0,-0.0427741443679537,32496503.965730075
2026-03-19,Baseline,1.0,-0.0088936575468155,0.0,-0.0088936575468155,32207491.187990136
2026-03-20,Baseline,1.0,-0.0571240573664139,0.0,-0.0571240573664139,30367668.613739118
2026-03-23,Baseline,1.0,0.0345867403880413,0.0,0.0345867403880413,31417987.284272585
2026-03-24,Baseline,0.0,0.0010182459153507094,0.0005008044731958959,0.0005174414421548135,31434244.252922557
2026-03-25,Baseline,0.0,0.010675491904935231,3.2014635492646495e-06,0.010672290441385967,31769719.63739522
2026-03-26,Baseline,0.0,-0.011390056930671752,4.417635890689761e-06,-0.011394474566562443,31407720.375000104
2026-03-27,Baseline,0.0,0.016002071246053236,3.1318458491428335e-06,0.015998939400204092,31910210.589978285
2026-03-30,Baseline,0.0,0.004081980486378742,7.256061066438363e-07,0.004081254880272098,32040444.29267914
2026-03-31,Baseline,0.0,0.013134720918056708,4.0730195777693295e-06,0.01313064789847894,32461156.085197136
2026-04-01,Baseline,0.0,0.0030149376841597836,2.406890845809889e-06,0.0030125307933139738,32558946.317490365
2026-04-02,Baseline,0.0,-0.0019009315977705904,2.890141247102143e-06,-0.0019038217390176925,32496959.887691617
2026-04-06,Baseline,0.0,-0.0002728639362364948,9.273970425802414e-07,-0.00027379133327907503,32488062.50171645
2026-04-07,Baseline,0.0,0.0043805199039385215,8.872914959367622e-07,0.004379632612442585,32630348.279764038
2026-04-08,Baseline,0.0,-0.005056873695014345,3.0861272063200524e-06,-0.005059959822220665,32465240.02848337
2026-04-09,Baseline,0.0,0.005226176859524676,8.665009891690723e-07,0.005225310358535507,32634880.983496547
2026-04-10,Baseline,0.0,-0.00045482269166114575,3.12612631928888e-07,-0.00045513530429307464,32620027.697009556
2026-04-13,Baseline,0.0,0.002421702404715199,1.3115401060521114e-06,0.0024203908646091466,32698980.914050695
2026-04-14,Baseline,0.0,0.005989409629245437,2.7104222476709295e-06,0.005986699206997766,32894739.877158478
2026-04-15,Baseline,0.0,-0.0029507900612443377,1.2456107896878232e-06,-0.0029520356720340256,32797633.43161882
2026-04-16,Baseline,1.0,0.0140161501870605,0.0005,0.0135161501870605,33240931.170860734
2026-04-17,Baseline,1.0,0.0382775090506954,0.0,0.0382775090506954,34513311.2146069
2026-01-02,"Balanced: NDX SMA3, 5-day confirmation",1.0,-0.0070182686328313,0.0,-0.0070182686328313,27140059.42603585
2026-01-05,"Balanced: NDX SMA3, 5-day confirmation",1.0,0.0238777377843546,0.0,0.0238777377843546,27788102.64846254
2026-01-06,"Balanced: NDX SMA3, 5-day confirmation",1.0,0.0263059762007025,0.0,0.0263059762007025,28519095.815395676
2026-01-07,"Balanced: NDX SMA3, 5-day confirmation",1.0,0.0029085755398201,0.0,0.0029085755398201,28602045.75990212
2026-01-08,"Balanced: NDX SMA3, 5-day confirmation",1.0,-0.0177632725361689,0.0,-0.0177632725361689,28093979.825977005
2026-01-09,"Balanced: NDX SMA3, 5-day confirmation",1.0,0.0289720835403131,0.0,0.0289720835403131,28907920.956475083
2026-01-12,"Balanced: NDX SMA3, 5-day confirmation",1.0,0.0023314569341057,0.0,0.0023314569341057,28975318.529239636
2026-01-13,"Balanced: NDX SMA3, 5-day confirmation",1.0,-0.0051887449029346,0.0,-0.0051887449029346,28824972.99291014
2026-01-14,"Balanced: NDX SMA3, 5-day confirmation",1.0,-0.0318344641948525,0.0,-0.0318344641948525,27907345.42224975
2026-01-15,"Balanced: NDX SMA3, 5-day confirmation",1.0,0.01021733513535,0.0,0.01021733513535,28192484.12316685
2026-01-16,"Balanced: NDX SMA3, 5-day confirmation",1.0,-0.0044134776189845,0.0,-0.0044134776189845,28068057.22546568
2026-01-20,"Balanced: NDX SMA3, 5-day confirmation",1.0,-0.0629848199409854,0.0,-0.0629848199409854,26300195.69502645
2026-01-21,"Balanced: NDX SMA3, 5-day confirmation",1.0,0.0394244345734537,0.0,0.0394244345734537,27337066.03947405
2026-01-22,"Balanced: NDX SMA3, 5-day confirmation",1.0,0.0221884912337553,0.0,0.0221884912337553,27943634.289647512
2026-01-23,"Balanced: NDX SMA3, 5-day confirmation",1.0,0.0089054212111392,0.0,0.0089054212111392,28192484.123166855
2026-01-26,"Balanced: NDX SMA3, 5-day confirmation",1.0,0.0128723854174799,0.0,0.0128723854174799,28555388.64467644
2026-01-27,"Balanced: NDX SMA3, 5-day confirmation",1.0,0.0265068634127685,0.0,0.0265068634127685,29312302.4311794
2026-01-28,"Balanced: NDX SMA3, 5-day confirmation",1.0,0.0091970369713587,0.0,0.0091970369713587,29581888.760354605
2026-01-29,"Balanced: NDX SMA3, 5-day confirmation",1.0,-0.0178759515596306,0.0,-0.0178759515596306,29053084.349832125
2026-01-30,"Balanced: NDX SMA3, 5-day confirmation",1.0,-0.0364025666730827,0.0,-0.0364025666730827,27995477.509728666
2026-02-02,"Balanced: NDX SMA3, 5-day confirmation",1.0,0.0203703402321331,0.0,0.0203703402321331,28565754.911562867
2026-02-03,"Balanced: NDX SMA3, 5-day confirmation",1.0,-0.0468239478091012,0.0,-0.0468239478091012,27228193.494456276
2026-02-04,"Balanced: NDX SMA3, 5-day confirmation",1.0,-0.052551397129314,0.0,-0.052551397129314,25797313.885015298
2026-02-05,"Balanced: NDX SMA3, 5-day confirmation",1.0,-0.042604505928623,0.0,-0.042604505928623,24698232.072658613
2026-02-06,"Balanced: NDX SMA3, 5-day confirmation",1.0,0.0619228089740024,0.0,0.0619228089740024,26227615.979289435
2026-02-09,"Balanced: NDX SMA3, 5-day confirmation",1.0,0.0227317649768976,0.0,0.0227317649768976,26823815.98163497
2026-02-10,"Balanced: NDX SMA3, 5-day confirmation",1.0,-0.0139157959678288,0.0,-0.0139157959678288,26450541.231355954
2026-02-11,"Balanced: NDX SMA3, 5-day confirmation",1.0,0.0074481127518346,0.0,0.0074481127518346,26647547.844794147
2026-02-12,"Balanced: NDX SMA3, 5-day confirmation",1.0,-0.0610895318533855,0.0,-0.0610895318533855,25019661.62191498
2026-02-13,"Balanced: NDX SMA3, 5-day confirmation",1.0,0.0043514795149113,0.0,0.0043514795149113,25128534.166932758
2026-02-17,"Balanced: NDX SMA3, 5-day confirmation",1.0,-0.002475808912581,0.0,-0.002475808912581,25066320.718082167
2026-02-18,"Balanced: NDX SMA3, 5-day confirmation",1.0,0.0215098444009562,0.0,0.0215098444009562,25605493.37643258
2026-02-19,"Balanced: NDX SMA3, 5-day confirmation",1.0,-0.0113383023151696,0.0,-0.0113383023151696,25315170.551601514
2026-02-20,"Balanced: NDX SMA3, 5-day confirmation",1.0,0.025189440193537,0.0,0.025189440193537,25952845.526200272
2026-02-23,"Balanced: NDX SMA3, 5-day confirmation",1.0,-0.036356404586182,0.0,-0.036356404586182,25009293.374087054
2026-02-24,"Balanced: NDX SMA3, 5-day confirmation",1.0,0.0319236832010385,0.0,0.0319236832010385,25807682.13284324
2026-02-25,"Balanced: NDX SMA3, 5-day confirmation",1.0,0.0419847638791193,0.0,0.0419847638791193,26891211.573458035
2026-02-26,"Balanced: NDX SMA3, 5-day confirmation",1.0,-0.0350877516074626,0.0,-0.0350877516074626,25947659.421344817
2026-02-27,"Balanced: NDX SMA3, 5-day confirmation",1.0,-0.0105893355422124,0.0,-0.0105893355422124,25672890.949197147
2026-03-02,"Balanced: NDX SMA3, 5-day confirmation",1.0,0.0036348922495343,0.0,0.0036348922495343,25766209.141531527
2026-03-03,"Balanced: NDX SMA3, 5-day confirmation",1.0,-0.0321932287193131,0.0,-0.0321932287193131,24936711.677408546
2026-03-04,"Balanced: NDX SMA3, 5-day confirmation",1.0,0.0449064143861055,0.0,0.0449064143861055,26056529.985421095
2026-03-05,"Balanced: NDX SMA3, 5-day confirmation",1.0,-0.0091523930808646,0.0,-0.0091523930808646,25818050.380671185
2026-03-06,"Balanced: NDX SMA3, 5-day confirmation",1.0,-0.045381487401964,0.0,-0.045381487401964,24646388.852577485
2026-03-09,"Balanced: NDX SMA3, 5-day confirmation",1.0,0.0389146065004495,0.0,0.0389146065004495,25605493.376432605
2026-03-10,"Balanced: NDX SMA3, 5-day confirmation",1.0,0.0002024613952074,0.0,0.0002024613952074,25610677.50034657
2026-03-11,"Balanced: NDX SMA3, 5-day confirmation",1.0,-0.001012179412707,0.0,-0.001012179412707,25584754.89983524
2026-03-12,"Balanced: NDX SMA3, 5-day confirmation",1.0,-0.0510637180951932,0.0,-0.0510637180951932,24278302.18809544
2026-03-13,"Balanced: NDX SMA3, 5-day confirmation",1.0,-0.0192185161465774,0.0,-0.0192185161465774,23811709.245482042
2026-03-16,"Balanced: NDX SMA3, 5-day confirmation",1.0,0.0333115370536754,0.0,0.0333115370536754,24604913.88032426
2026-03-17,"Balanced: NDX SMA3, 5-day confirmation",1.0,0.0147492701366367,0.0,0.0147492701366367,24967818.401833847
2026-03-18,"Balanced: NDX SMA3, 5-day confirmation",1.0,-0.0427741443679537,0.0,-0.0427741443679537,23899841.332960952
2026-03-19,"Balanced: NDX SMA3, 5-day confirmation",1.0,-0.0088936575468155,0.0,-0.0088936575468155,23687284.328722373
2026-03-20,"Balanced: NDX SMA3, 5-day confirmation",1.0,-0.0571240573664139,0.0,-0.0571240573664139,22334170.53987388
2026-03-23,"Balanced: NDX SMA3, 5-day confirmation",1.0,0.0345867403880413,0.0,0.0345867403880413,23106636.698118735
2026-03-24,"Balanced: NDX SMA3, 5-day confirmation",0.0,0.0010182459153507094,0.0005008044731958959,0.0005174414421548135,23118593.029535152
2026-03-25,"Balanced: NDX SMA3, 5-day confirmation",0.0,0.010675491904935231,3.2014635492646495e-06,0.010672290441385967,23365321.36894256
2026-03-26,"Balanced: NDX SMA3, 5-day confirmation",0.0,-0.011390056930671752,4.417635890689761e-06,-0.011394474566562443,23099085.808864582
2026-03-27,"Balanced: NDX SMA3, 5-day confirmation",0.0,0.016002071246053236,3.1318458491428335e-06,0.015998939400204092,23468646.68292072
2026-03-30,"Balanced: NDX SMA3, 5-day confirmation",0.0,0.004081980486378742,7.256061066438363e-07,0.004081254880272098,23564428.21172877
2026-03-31,"Balanced: NDX SMA3, 5-day confirmation",0.0,0.013134720918056708,4.0730195777693295e-06,0.01313064789847894,23873844.421505965
2026-04-01,"Balanced: NDX SMA3, 5-day confirmation",0.0,0.0030149376841597836,2.406890845809889e-06,0.0030125307933139738,23945765.112980537
2026-04-02,"Balanced: NDX SMA3, 5-day confirmation",0.0,-0.0019009315977705904,2.890141247102143e-06,-0.0019038217390176925,23900176.644801036
2026-04-06,"Balanced: NDX SMA3, 5-day confirmation",0.0,-0.0002728639362364948,9.273970425802414e-07,-0.00027379133327907503,23893632.98357185
2026-04-07,"Balanced: NDX SMA3, 5-day confirmation",0.0,0.0043805199039385215,8.872914959367622e-07,0.004379632612442585,23998278.317816436
2026-04-08,"Balanced: NDX SMA3, 5-day confirmation",0.0,-0.005056873695014345,3.0861272063200524e-06,-0.005059959822220665,23876847.993725818
2026-04-09,"Balanced: NDX SMA3, 5-day confirmation",1.0,0.0199999809265136,0.0005,0.0194999809265136,24342446.07418873
2026-04-10,"Balanced: NDX SMA3, 5-day confirmation",1.0,0.0042891970669838,0.0,0.0042891970669838,24446855.622493353
2026-04-13,"Balanced: NDX SMA3, 5-day confirmation",1.0,0.0303030655674876,0.0,0.0303030655674876,25187670.291340675
2026-04-14,"Balanced: NDX SMA3, 5-day confirmation",1.0,0.0542834585132845,0.0,0.0542834585132845,26554944.146646954
2026-04-15,"Balanced: NDX SMA3, 5-day confirmation",1.0,0.041939743210378,0.0,0.041939743210378,27668651.685123257
2026-04-16,"Balanced: NDX SMA3, 5-day confirmation",1.0,0.0140161501870605,0.0,0.0140161501870605,28056459.66261541
2026-04-17,"Balanced: NDX SMA3, 5-day confirmation",1.0,0.0382775090506954,0.0,0.0382775090506954,29130391.051281646
2026-01-02,"Capture-focused: NDX SMA3, 4-day confirmation",1.0,-0.0070182686328313,0.0,-0.0070182686328313,29342003.665095326
2026-01-05,"Capture-focused: NDX SMA3, 4-day confirmation",1.0,0.0238777377843546,0.0,0.0238777377843546,30042624.334678046
2026-01-06,"Capture-focused: NDX SMA3, 4-day confirmation",1.0,0.0263059762007025,0.0,0.0263059762007025,30832924.895432733
2026-01-07,"Capture-focused: NDX SMA3, 4-day confirmation",1.0,0.0029085755398201,0.0,0.0029085755398201,30922604.786604702
2026-01-08,"Capture-focused: NDX SMA3, 4-day confirmation",1.0,-0.0177632725361689,0.0,-0.0177632725361689,30373318.130252
2026-01-09,"Capture-focused: NDX SMA3, 4-day confirmation",1.0,0.0289720835403131,0.0,0.0289720835403131,31253296.440518167
2026-01-12,"Capture-focused: NDX SMA3, 4-day confirmation",1.0,0.0023314569341057,0.0,0.0023314569341057,31326162.155218076
2026-01-13,"Capture-focused: NDX SMA3, 4-day confirmation",1.0,-0.0051887449029346,0.0,-0.0051887449029346,31163618.691006687
2026-01-14,"Capture-focused: NDX SMA3, 4-day confirmation",1.0,-0.0318344641948525,0.0,-0.0318344641948525,30171541.5876058
2026-01-15,"Capture-focused: NDX SMA3, 4-day confirmation",1.0,0.01021733513535,0.0,0.01021733513535,30479814.33955652
2026-01-16,"Capture-focused: NDX SMA3, 4-day confirmation",1.0,-0.0044134776189845,0.0,-0.0044134776189845,30345292.361138087
2026-01-20,"Capture-focused: NDX SMA3, 4-day confirmation",1.0,-0.0629848199409854,0.0,-0.0629848199409854,28433999.585715245
2026-01-21,"Capture-focused: NDX SMA3, 4-day confirmation",1.0,0.0394244345734537,0.0,0.0394244345734537,29554993.94204389
2026-01-22,"Capture-focused: NDX SMA3, 4-day confirmation",1.0,0.0221884912337553,0.0,0.0221884912337553,30210774.66604062
2026-01-23,"Capture-focused: NDX SMA3, 4-day confirmation",1.0,0.0089054212111392,0.0,0.0089054212111392,30479814.339556526
2026-01-26,"Capture-focused: NDX SMA3, 4-day confirmation",1.0,0.0128723854174799,0.0,0.0128723854174799,30872162.257188533
2026-01-27,"Capture-focused: NDX SMA3, 4-day confirmation",1.0,0.0265068634127685,0.0,0.0265068634127685,31690486.445396654
2026-01-28,"Capture-focused: NDX SMA3, 4-day confirmation",1.0,0.0091970369713587,0.0,0.0091970369713587,31981945.020875312
2026-01-29,"Capture-focused: NDX SMA3, 4-day confirmation",1.0,-0.0178759515596306,0.0,-0.0178759515596306,31410237.320899375
2026-01-30,"Capture-focused: NDX SMA3, 4-day confirmation",1.0,-0.0364025666730827,0.0,-0.0364025666730827,30266824.06260798
2026-02-02,"Capture-focused: NDX SMA3, 4-day confirmation",1.0,0.0203703402321331,0.0,0.0203703402321331,30883369.566509422
2026-02-03,"Capture-focused: NDX SMA3, 4-day confirmation",1.0,-0.0468239478091012,0.0,-0.0468239478091012,29437288.281758
2026-02-04,"Capture-focused: NDX SMA3, 4-day confirmation",1.0,-0.052551397129314,0.0,-0.052551397129314,27890317.654853232
2026-02-05,"Capture-focused: NDX SMA3, 4-day confirmation",1.0,-0.042604505928623,0.0,-0.042604505928623,26702064.45097586
2026-02-06,"Capture-focused: NDX SMA3, 4-day confirmation",1.0,0.0619228089740024,0.0,0.0619228089740024,28355531.287185144
2026-02-09,"Capture-focused: NDX SMA3, 4-day confirmation",1.0,0.0227317649768976,0.0,0.0227317649768976,29000102.5602005
2026-02-10,"Capture-focused: NDX SMA3, 4-day confirmation",1.0,-0.0139157959678288,0.0,-0.0139157959678288,28596543.049926642
2026-02-11,"Capture-focused: NDX SMA3, 4-day confirmation",1.0,0.0074481127518346,0.0,0.0074481127518346,28809533.32687519
2026-02-12,"Capture-focused: NDX SMA3, 4-day confirmation",1.0,-0.0610895318533855,0.0,-0.0610895318533855,27049572.42302188
2026-02-13,"Capture-focused: NDX SMA3, 4-day confirmation",1.0,0.0043514795149113,0.0,0.0043514795149113,27167278.08330777
2026-02-17,"Capture-focused: NDX SMA3, 4-day confirmation",1.0,-0.002475808912581,0.0,-0.002475808912581,27100017.09409855
2026-02-18,"Capture-focused: NDX SMA3, 4-day confirmation",1.0,0.0215098444009562,0.0,0.0215098444009562,27682934.24505586
2026-02-19,"Capture-focused: NDX SMA3, 4-day confirmation",1.0,-0.0113383023151696,0.0,-0.0113383023151696,27369056.767614458
2026-02-20,"Capture-focused: NDX SMA3, 4-day confirmation",1.0,0.025189440193537,0.0,0.025189440193537,28058467.9862158
2026-02-23,"Capture-focused: NDX SMA3, 4-day confirmation",1.0,-0.036356404586182,0.0,-0.036356404586182,27038362.972040504
2026-02-24,"Capture-focused: NDX SMA3, 4-day confirmation",1.0,0.0319236832010385,0.0,0.0319236832010385,27901527.105834614
2026-02-25,"Capture-focused: NDX SMA3, 4-day confirmation",1.0,0.0419847638791193,0.0,0.0419847638791193,29072966.13323993
2026-02-26,"Capture-focused: NDX SMA3, 4-day confirmation",1.0,-0.0350877516074626,0.0,-0.0350877516074626,28052861.119064637
2026-02-27,"Capture-focused: NDX SMA3, 4-day confirmation",1.0,-0.0105893355422124,0.0,-0.0105893355422124,27755799.959755775
2026-03-02,"Capture-focused: NDX SMA3, 4-day confirmation",1.0,0.0036348922495343,0.0,0.0036348922495343,27856689.30190912
2026-03-03,"Capture-focused: NDX SMA3, 4-day confirmation",1.0,-0.0321932287193131,0.0,-0.0321932287193131,26959892.531849917
2026-03-04,"Capture-focused: NDX SMA3, 4-day confirmation",1.0,0.0449064143861055,0.0,0.0449064143861055,28170564.63769004
2026-03-05,"Capture-focused: NDX SMA3, 4-day confirmation",1.0,-0.0091523930808646,0.0,-0.0091523930808646,27912736.556815997
2026-03-06,"Capture-focused: NDX SMA3, 4-day confirmation",1.0,-0.045381487401964,0.0,-0.045381487401964,26646015.054408513
2026-03-09,"Capture-focused: NDX SMA3, 4-day confirmation",1.0,0.0389146065004495,0.0,0.0389146065004495,27682934.245055873
2026-03-10,"Capture-focused: NDX SMA3, 4-day confirmation",1.0,0.0002024613952074,0.0,0.0002024613952074,27688538.970546562
2026-03-11,"Capture-focused: NDX SMA3, 4-day confirmation",1.0,-0.001012179412707,0.0,-0.001012179412707,27660513.201432638
2026-03-12,"Capture-focused: NDX SMA3, 4-day confirmation",1.0,-0.0510637180951932,0.0,-0.0510637180951932,26248064.55294631
2026-03-13,"Capture-focused: NDX SMA3, 4-day confirmation",1.0,-0.0192185161465774,0.0,-0.0192185161465774,25743615.700519104
2026-03-16,"Capture-focused: NDX SMA3, 4-day confirmation",1.0,0.0333115370536754,0.0,0.0333115370536754,26601175.10882253
2026-03-17,"Capture-focused: NDX SMA3, 4-day confirmation",1.0,0.0147492701366367,0.0,0.0147492701366367,26993523.026454527
2026-03-18,"Capture-focused: NDX SMA3, 4-day confirmation",1.0,-0.0427741443679537,0.0,-0.0427741443679537,25838898.17552128
2026-03-19,"Capture-focused: NDX SMA3, 4-day confirmation",1.0,-0.0088936575468155,0.0,-0.0088936575468155,25609095.863761157
2026-03-20,"Capture-focused: NDX SMA3, 4-day confirmation",1.0,-0.0571240573664139,0.0,-0.0571240573664139,24146200.402537674
2026-03-23,"Capture-focused: NDX SMA3, 4-day confirmation",1.0,0.0345867403880413,0.0,0.0345867403880413,24981338.76721786
2026-03-24,"Capture-focused: NDX SMA3, 4-day confirmation",0.0,0.0010182459153507094,0.0005008044731958959,0.0005174414421548135,24994265.147176526
2026-03-25,"Capture-focused: NDX SMA3, 4-day confirmation",0.0,0.010675491904935231,3.2014635492646495e-06,0.010672290441385967,25261011.20419621
2026-03-26,"Capture-focused: NDX SMA3, 4-day confirmation",0.0,-0.011390056930671752,4.417635890689761e-06,-0.011394474566562443,24973175.25450435
2026-03-27,"Capture-focused: NDX SMA3, 4-day confirmation",0.0,0.016002071246053236,3.1318458491428335e-06,0.015998939400204092,25372719.572031837
2026-03-30,"Capture-focused: NDX SMA3, 4-day confirmation",0.0,0.004081980486378742,7.256061066438363e-07,0.004081254880272098,25476272.107610967
2026-03-31,"Capture-focused: NDX SMA3, 4-day confirmation",0.0,0.013134720918056708,4.0730195777693295e-06,0.01313064789847894,25810792.066421848
2026-04-01,"Capture-focused: NDX SMA3, 4-day confirmation",0.0,0.0030149376841597836,2.406890845809889e-06,0.0030125307933139738,25888547.872321766
2026-04-02,"Capture-focused: NDX SMA3, 4-day confirmation",0.0,-0.0019009315977705904,2.890141247102143e-06,-0.0019038217390176925,25839260.69209084
2026-04-06,"Capture-focused: NDX SMA3, 4-day confirmation",0.0,-0.0002728639362364948,9.273970425802414e-07,-0.00027379133327907503,25832186.126455005
2026-04-07,"Capture-focused: NDX SMA3, 4-day confirmation",0.0,0.0043805199039385215,8.872914959367622e-07,0.004379632612442585,25945321.61126511
2026-04-08,"Capture-focused: NDX SMA3, 4-day confirmation",1.0,0.0872026804317183,0.0005,0.0867026804317183,28194850.539624788
2026-04-09,"Capture-focused: NDX SMA3, 4-day confirmation",1.0,0.0199999809265136,0.0,0.0199999809265136,28758747.01264319
2026-04-10,"Capture-focused: NDX SMA3, 4-day confirmation",1.0,0.0042891970669838,0.0,0.0042891970669838,28882098.945979945
2026-04-13,"Capture-focused: NDX SMA3, 4-day confirmation",1.0,0.0303030655674876,0.0,0.0303030655674876,29757315.08406664
2026-04-14,"Capture-focused: NDX SMA3, 4-day confirmation",1.0,0.0542834585132845,0.0,0.0542834585132845,31372645.062899306
2026-04-15,"Capture-focused: NDX SMA3, 4-day confirmation",1.0,0.041939743210378,0.0,0.041939743210378,32688405.74066764
2026-04-16,"Capture-focused: NDX SMA3, 4-day confirmation",1.0,0.0140161501870605,0.0,0.0140161501870605,33146571.34490441
2026-04-17,"Capture-focused: NDX SMA3, 4-day confirmation",1.0,0.0382775090506954,0.0,0.0382775090506954,34415339.52955852
2026-01-02,TQQQ buy-and-hold,1.0,-0.0070182686328313,0.0,-0.0070182686328313,1000.0
2026-01-05,TQQQ buy-and-hold,1.0,0.0238777377843546,0.0,0.0238777377843546,1023.8777377843546
2026-01-06,TQQQ buy-and-hold,1.0,0.0263059762007025,0.0,0.0263059762007025,1050.811841186939
2026-01-07,TQQQ buy-and-hold,1.0,0.0029085755398201,0.0,0.0029085755398201,1053.868206805169
2026-01-08,TQQQ buy-and-hold,1.0,-0.0177632725361689,0.0,-0.0177632725361689,1035.1480586304851
2026-01-09,TQQQ buy-and-hold,1.0,0.0289720835403131,0.0,0.0289720835403131,1065.1384546617203
2026-01-12,TQQQ buy-and-hold,1.0,0.0023314569341057,0.0,0.0023314569341057,1067.621779097624
2026-01-13,TQQQ buy-and-hold,1.0,-0.0051887449029346,0.0,-0.0051887449029346,1062.0821620330692
2026-01-14,TQQQ buy-and-hold,1.0,-0.0318344641948525,0.0,-0.0318344641948525,1028.2713454738362
2026-01-15,TQQQ buy-and-hold,1.0,0.01021733513535,0.0,0.01021733513535,1038.7775384206197
2026-01-16,TQQQ buy-and-hold,1.0,-0.0044134776189845,0.0,-0.0044134776189845,1034.1929170036965
2026-01-20,TQQQ buy-and-hold,1.0,-0.0629848199409854,0.0,-0.0629848199409854,969.0544623419762
2026-01-21,TQQQ buy-and-hold,1.0,0.0394244345734537,0.0,0.0394244345734537,1007.2588865906908
2026-01-22,TQQQ buy-and-hold,1.0,0.0221884912337553,0.0,0.0221884912337553,1029.6084415659304
2026-01-23,TQQQ buy-and-hold,1.0,0.0089054212111392,0.0,0.0089054212111392,1038.7775384206197
2026-01-26,TQQQ buy-and-hold,1.0,0.0128723854174799,0.0,0.0128723854174799,1052.1490832581908
2026-01-27,TQQQ buy-and-hold,1.0,0.0265068634127685,0.0,0.0265068634127685,1080.0382552979854
2026-01-28,TQQQ buy-and-hold,1.0,0.0091970369713587,0.0,0.0091970369713587,1089.9714070624427
2026-01-29,TQQQ buy-and-hold,1.0,-0.0178759515596306,0.0,-0.0178759515596306,1070.487130988412
2026-01-30,TQQQ buy-and-hold,1.0,-0.0364025666730827,0.0,-0.0364025666730827,1031.5186518299292
2026-02-02,TQQQ buy-and-hold,1.0,0.0203703402321331,0.0,0.0203703402321331,1052.531037723496
2026-02-03,TQQQ buy-and-hold,1.0,-0.0468239478091012,0.0,-0.0468239478091012,1003.2473793456722
2026-02-04,TQQQ buy-and-hold,1.0,-0.052551397129314,0.0,-0.052551397129314,950.5253278947341
2026-02-05,TQQQ buy-and-hold,1.0,-0.042604505928623,0.0,-0.042604505928623,910.0286659271366
2026-02-06,TQQQ buy-and-hold,1.0,0.0619228089740024,0.0,0.0619228089740024,966.3801971682092
2026-02-09,TQQQ buy-and-hold,1.0,0.0227317649768976,0.0,0.0227317649768976,988.3477246885649
2026-02-10,TQQQ buy-and-hold,1.0,-0.0139157959678288,0.0,-0.0139157959678288,974.5940794065309
2026-02-11,TQQQ buy-and-hold,1.0,0.0074481127518346,0.0,0.0074481127518346,981.8529659972212
2026-02-12,TQQQ buy-and-hold,1.0,-0.0610895318533855,0.0,-0.0610895318533855,921.872027955593
2026-02-13,TQQQ buy-and-hold,1.0,0.0043514795149113,0.0,0.0043514795149113,925.8835352006115
2026-02-17,TQQQ buy-and-hold,1.0,-0.002475808912581,0.0,-0.002475808912581,923.5912244921498
2026-02-18,TQQQ buy-and-hold,1.0,0.0215098444009562,0.0,0.0215098444009562,943.4575280210647
2026-02-19,TQQQ buy-and-hold,1.0,-0.0113383023151696,0.0,-0.0113383023151696,932.760321346839
2026-02-20,TQQQ buy-and-hold,1.0,0.025189440193537,0.0,0.025189440193537,956.2560316763097
2026-02-23,TQQQ buy-and-hold,1.0,-0.036356404586182,0.0,-0.036356404586182,921.4900005007089
2026-02-24,TQQQ buy-and-hold,1.0,0.0319236832010385,0.0,0.0319236832010385,950.9073553496185
2026-02-25,TQQQ buy-and-hold,1.0,0.0419847638791193,0.0,0.0419847638791193,990.8309761348901
2026-02-26,TQQQ buy-and-hold,1.0,-0.0350877516074626,0.0,-0.0350877516074626,956.0649449592894
2026-02-27,TQQQ buy-and-hold,1.0,-0.0105893355422124,0.0,-0.0105893355422124,945.9408524569687
2026-03-02,TQQQ buy-and-hold,1.0,0.0036348922495343,0.0,0.0036348922495343,949.3792455300825
2026-03-03,TQQQ buy-and-hold,1.0,-0.0321932287193131,0.0,-0.0321932287193131,918.8156623373638
2026-03-04,TQQQ buy-and-hold,1.0,0.0449064143861055,0.0,0.0449064143861055,960.0763792147292
2026-03-05,TQQQ buy-and-hold,1.0,-0.0091523930808646,0.0,-0.0091523930808646,951.2893828045028
2026-03-06,TQQQ buy-and-hold,1.0,-0.045381487401964,0.0,-0.045381487401964,908.1184556631382
2026-03-09,TQQQ buy-and-hold,1.0,0.0389146065004495,0.0,0.0389146065004495,943.4575280210652
2026-03-10,TQQQ buy-and-hold,1.0,0.0002024613952074,0.0,0.0002024613952074,943.6485417485072
2026-03-11,TQQQ buy-and-hold,1.0,-0.001012179412707,0.0,-0.001012179412707,942.6934001217184
2026-03-12,TQQQ buy-and-hold,1.0,-0.0510637180951932,0.0,-0.0510637180951932,894.5559700877038
2026-03-13,TQQQ buy-and-hold,1.0,-0.0192185161465774,0.0,-0.0192185161465774,877.363931732556
2026-03-16,TQQQ buy-and-hold,1.0,0.0333115370536754,0.0,0.0333115370536754,906.5902728540234
2026-03-17,TQQQ buy-and-hold,1.0,0.0147492701366367,0.0,0.0147492701366367,919.9618176915948
2026-03-18,TQQQ buy-and-hold,1.0,-0.0427741443679537,0.0,-0.0427741443679537,880.6112380886493
2026-03-19,TQQQ buy-and-hold,1.0,-0.0088936575468155,0.0,-0.0088936575468155,872.7793833052117
2026-03-20,TQQQ buy-and-hold,1.0,-0.0571240573664139,0.0,-0.0571240573664139,822.9226837450615
2026-03-23,TQQQ buy-and-hold,1.0,0.0345867403880413,0.0,0.0345867403880413,851.3848969671822
2026-03-24,TQQQ buy-and-hold,1.0,-0.0213148096201868,0.0,-0.0213148096201868,833.2377899748242
2026-03-25,TQQQ buy-and-hold,1.0,0.0193350540993633,0.0,0.0193350540993633,849.3484877216215
2026-03-26,TQQQ buy-and-hold,1.0,-0.0711872018666666,0.0,-0.0711872018666666,788.8857454710343
2026-03-27,TQQQ buy-and-hold,1.0,-0.0594227695886742,0.0,-0.0594227695886742,742.0079695861195
2026-03-30,TQQQ buy-and-hold,1.0,-0.0229499591970996,0.0,-0.0229499591970996,724.9789169601955
2026-03-31,TQQQ buy-and-hold,1.0,0.1000264179619589,0.0,0.1000264179619589,797.4959611216641
2026-04-01,TQQQ buy-and-hold,1.0,0.0371880812310856,0.0,0.0371880812310856,827.1533057053194
2026-04-02,TQQQ buy-and-hold,1.0,0.0023132613897127,0.0,0.0023132613897127,829.0667275107809
2026-04-06,TQQQ buy-and-hold,1.0,0.0177705195136768,0.0,0.0177705195136768,843.7996739701514
2026-04-07,TQQQ buy-and-hold,1.0,0.0011338560881619,0.0,0.0011338560881619,844.7564213676714
2026-04-08,TQQQ buy-and-hold,1.0,0.0872026804317183,0.0,0.0872026804317183,918.4214456228383
2026-04-09,TQQQ buy-and-hold,1.0,0.0199999809265136,0.0,0.0199999809265136,936.7898570177964
2026-04-10,TQQQ buy-and-hold,1.0,0.0042891970669838,0.0,0.0042891970669838,940.8079333248974
2026-04-13,TQQQ buy-and-hold,1.0,0.0303030655674876,0.0,0.0303030655674876,969.3172978148543
2026-04-14,TQQQ buy-and-hold,1.0,0.0542834585132845,0.0,0.0542834585132845,1021.9351931369958
2026-04-15,TQQQ buy-and-hold,1.0,0.041939743210378,0.0,0.041939743210378,1064.7948927148095
2026-04-16,TQQQ buy-and-hold,1.0,0.0140161501870605,0.0,0.0140161501870605,1079.7192178495154
2026-04-17,TQQQ buy-and-hold,1.0,0.0382775090506954,0.0,0.0382775090506954,1121.04817998296
