method,method_label,candidate_id,parameters,min_delay_cagr,mean_delay_cagr,min_post_2008_cagr,min_post_2010_cagr,min_trailing_252_return,min_2026_ytd_return,worst_volatility,worst_max_drawdown,worst_dotcom_drawdown,min_tecl_share,max_tecl_share,max_asset_switches,max_total_turnover,min_delay_cagr_value,max_delay_cagr_value,delay_cagr_gap,passes_hard_requirements
A_profit_target,A: Profit target,profit_target_0.10,"{""profit_target_from_breakout_close"": 0.1}",0.40138420051642987,0.4019616964759183,0.40933098665836454,0.39633551262389055,0.45583091847875745,-0.04709547625795829,0.44541735125297277,-0.5940318925030553,-0.37620087859235984,0.045782500327954875,0.04591368227731864,73,79.76353659186469,0.40138420051642987,0.4025391924354067,0.0011549919189768332,True
A_profit_target,A: Profit target,profit_target_0.15,"{""profit_target_from_breakout_close"": 0.15}",0.39388885242518956,0.39586680985263767,0.4050429377690161,0.3915329933934695,0.4295076776346922,-0.04709547625795829,0.44479243261198126,-0.5940318925030559,-0.37620087859235984,0.05548996458087367,0.05562114653023744,73,79.76353659186469,0.39388885242518956,0.3978447672800858,0.003955914854896214,True
A_profit_target,A: Profit target,profit_target_0.20,"{""profit_target_from_breakout_close"": 0.2}",0.39534140915960436,0.39652547316588405,0.4100742529244559,0.3978603716171978,0.46816009405606773,-0.04709547625795829,0.44438340665424086,-0.5940318925030555,-0.37620087859235984,0.0695264331627968,0.06965761511216056,73,79.76353659186469,0.39534140915960436,0.39770953717216373,0.0023681280125593673,True
A_profit_target,A: Profit target,profit_target_0.25,"{""profit_target_from_breakout_close"": 0.25}",0.3922260834052911,0.3938806771812656,0.4212556314705884,0.4040969137569712,0.47541076282778905,-0.04709547625795829,0.4416712121623384,-0.5940318925030557,-0.37620087859235984,0.13892168437622984,0.1390528663255936,70,76.76353659186469,0.3922260834052911,0.39553527095724017,0.0033091875519490888,True
A_profit_target,A: Profit target,profit_target_0.30,"{""profit_target_from_breakout_close"": 0.3}",0.3941672868798576,0.395619798788059,0.4276030055592035,0.4102360672590031,0.4584883623439018,-0.04709547625795829,0.4422344356861358,-0.594031892503056,-0.37620087859235984,0.1559753377935196,0.1561065197428834,70,76.76353659186469,0.3941672868798576,0.39707231069626037,0.0029050238164027853,True
All_TECL,TECL throughout risk-on,all_tecl,"{""risk_on_asset"": ""TECL""}",0.30820520453802236,0.31101766592056657,0.36300609741892087,0.34019107919008307,0.4615647074948681,-0.08202273516968217,0.4403563849911366,-0.582200991301344,-0.32086497288404936,0.6648301193755739,0.6649613013249377,54,60.763536591864685,0.30820520453802236,0.3138301273031108,0.005624922765088414,True
B_fixed_duration,B: Fixed duration,fixed_duration_10,"{""tecl_holding_days_after_risk_on"": 10}",0.4008545359619655,0.40202277485816296,0.40802485286671364,0.39759725546524893,0.43461485992103666,-0.04709547625795829,0.4460315481969422,-0.6039607109450802,-0.37620087859235984,0.02820411911321002,0.02833530106257379,74,80.76353659186469,0.4008545359619655,0.4031910137543604,0.0023364777923948754,True
B_fixed_duration,B: Fixed duration,fixed_duration_20,"{""tecl_holding_days_after_risk_on"": 20}",0.397458748506057,0.39979100789501343,0.4131022114130656,0.39715698234815244,0.4840286156425815,-0.04709547625795829,0.4448929899784942,-0.6102904091940154,-0.37620087859235984,0.05444050898596353,0.0545716909353273,74,80.76353659186469,0.397458748506057,0.40212326728396985,0.004664518777912852,True
B_fixed_duration,B: Fixed duration,fixed_duration_40,"{""tecl_holding_days_after_risk_on"": 40}",0.38034354457410924,0.38173142395872295,0.41360960219820364,0.3946172627520168,0.4876129274270993,-0.04709547625795829,0.4418978066232027,-0.6115786924033,-0.37620087859235984,0.10219073855437492,0.10232192050373869,71,77.76353659186469,0.38034354457410924,0.38311930334333666,0.002775758769227421,True
B_fixed_duration,B: Fixed duration,fixed_duration_60,"{""tecl_holding_days_after_risk_on"": 60}",0.37572978294770465,0.376261774275899,0.4189320810627337,0.4038289868616991,0.415234939869106,-0.04709547625795829,0.43967395504949597,-0.6042441933520417,-0.32086497288404936,0.1427259609077791,0.14285714285714285,69,75.76353659186469,0.37572978294770465,0.3767937656040934,0.00106398265638874,True
B_fixed_duration,B: Fixed duration,fixed_duration_80,"{""tecl_holding_days_after_risk_on"": 80}",0.3832857201426412,0.38352662824108963,0.4271412470384466,0.4119509111630282,0.5662193801883773,-0.04709547625795829,0.44031852828095125,-0.5940318925030552,-0.32086497288404936,0.18208054571690935,0.1822117276662731,69,75.76353659186469,0.3832857201426412,0.3837675363395381,0.00048181619689691146,True
Baseline,Baseline TQQQ,baseline_tqqq,"{""risk_on_asset"": ""TQQQ""}",0.41195425197017665,0.414017528706345,0.4020930336319135,0.38889688713123083,0.33408353067595264,-0.07497850818989038,0.44801752701271347,-0.5986999094008929,-0.3707790080622211,0.0,0.0,54,60.763536591864685,0.41195425197017665,0.41608080544251336,0.0041265534723367026,True
C_confirmed_profit_target,C: Confirm then target,confirm_10_target_0.10,"{""confirmation_days"": 10, ""profit_target_from_confirmation_close"": 0.1}",0.4087908028187903,0.4097041374613828,0.41062125233662905,0.3909989884364402,0.36017166954862545,-0.07497850818989038,0.44664793109031614,-0.5920100806160141,-0.3707790080622211,0.04329004329004329,0.04329004329004329,94,100.76353659186469,0.4087908028187903,0.41061747210397526,0.0018266692851849342,True
C_confirmed_profit_target,C: Confirm then target,confirm_10_target_0.20,"{""confirmation_days"": 10, ""profit_target_from_confirmation_close"": 0.2}",0.4060420264691751,0.40625616194889325,0.4104625531706798,0.3886954114301351,0.37613717940288827,-0.07497850818989038,0.4453197929538235,-0.594232451770374,-0.3707790080622211,0.0755608028335301,0.0755608028335301,91,97.76353659186469,0.4060420264691751,0.4064702974286114,0.00042827095943631655,True
C_confirmed_profit_target,C: Confirm then target,confirm_10_target_0.30,"{""confirmation_days"": 10, ""profit_target_from_confirmation_close"": 0.3}",0.40632282637252404,0.4088705358583429,0.4229782077822992,0.40518156612937495,0.40628355560289164,-0.07497850818989038,0.4454153879435399,-0.5942324517703739,-0.3707790080622211,0.12055621146530238,0.12055621146530238,91,97.76353659186469,0.40632282637252404,0.4114182453441617,0.005095418971637677,True
C_confirmed_profit_target,C: Confirm then target,confirm_2_target_0.10,"{""confirmation_days"": 2, ""profit_target_from_confirmation_close"": 0.1}",0.39932652565074256,0.40320968761329856,0.40847489987278074,0.3944506680705675,0.4247081440179441,-0.06697370693087912,0.4453771482232347,-0.5950036842090525,-0.3707790080622211,0.0400104945559491,0.04014167650531287,97,103.76353659186469,0.39932652565074256,0.40709284957585457,0.007766323925112006,True
C_confirmed_profit_target,C: Confirm then target,confirm_2_target_0.20,"{""confirmation_days"": 2, ""profit_target_from_confirmation_close"": 0.2}",0.39528009810567744,0.397833331251388,0.4081088857042401,0.39293475834969027,0.4414311742221486,-0.06697370693087912,0.44497647002631247,-0.5950036842090513,-0.3707790080622211,0.06257378984651712,0.06270497179588089,97,103.76353659186469,0.39528009810567744,0.4003865643970985,0.005106466291421086,True
C_confirmed_profit_target,C: Confirm then target,confirm_2_target_0.30,"{""confirmation_days"": 2, ""profit_target_from_confirmation_close"": 0.3}",0.3893580497429885,0.3946582008188303,0.4272099910553726,0.4086947863221779,0.47461905765589685,-0.06697370693087912,0.4424387054151415,-0.5950036842090516,-0.3707790080622211,0.1511216056670602,0.15125278761642397,94,100.76353659186469,0.3893580497429885,0.3999583518946721,0.010600302151683616,True
C_confirmed_profit_target,C: Confirm then target,confirm_3_target_0.10,"{""confirmation_days"": 3, ""profit_target_from_confirmation_close"": 0.1}",0.39387639405930686,0.396489294869531,0.39965512028579986,0.3871282737219035,0.4126332079322459,-0.07129995128262956,0.4460680987305858,-0.5943729581288275,-0.3707790080622211,0.04119113210022301,0.04132231404958678,96,102.76353659186469,0.39387639405930686,0.39910219567975513,0.005225801620448278,True
C_confirmed_profit_target,C: Confirm then target,confirm_3_target_0.20,"{""confirmation_days"": 3, ""profit_target_from_confirmation_close"": 0.2}",0.3902689559985937,0.3935389642293824,0.3995407074946975,0.38589264796499934,0.4292145041808191,-0.07129995128262956,0.44581978155978846,-0.5943729581288273,-0.3707790080622211,0.06349206349206349,0.06362324544142726,96,102.76353659186469,0.3902689559985937,0.3968089724601711,0.006540016461577425,True
C_confirmed_profit_target,C: Confirm then target,confirm_3_target_0.30,"{""confirmation_days"": 3, ""profit_target_from_confirmation_close"": 0.3}",0.40039824338201524,0.40094424156477193,0.42053846728304745,0.40956351100128097,0.4558975045789784,-0.07129995128262956,0.4452084809503037,-0.5943729581288273,-0.3707790080622211,0.10612619703528794,0.10625737898465171,94,100.76353659186469,0.40039824338201524,0.4014902397475286,0.0010919963655133813,True
C_confirmed_profit_target,C: Confirm then target,confirm_5_target_0.10,"{""confirmation_days"": 5, ""profit_target_from_confirmation_close"": 0.1}",0.39431434843833024,0.39537588960770675,0.39735012366545064,0.38201179189448253,0.37177181101108303,-0.07497850818989038,0.4471640748794068,-0.5968168311967381,-0.3707790080622211,0.043683589138134596,0.043683589138134596,94,100.76353659186469,0.39431434843833024,0.39643743077708327,0.002123082338753024,True
C_confirmed_profit_target,C: Confirm then target,confirm_5_target_0.20,"{""confirmation_days"": 5, ""profit_target_from_confirmation_close"": 0.2}",0.4060530387054768,0.4064740177228293,0.4134035879324953,0.40011434396268664,0.41927008193333526,-0.07497850818989038,0.4467611780340794,-0.5968168311967388,-0.3707790080622211,0.07201889020070838,0.07201889020070838,93,99.76353659186469,0.4060530387054768,0.4068949967401818,0.0008419580347049926,True
C_confirmed_profit_target,C: Confirm then target,confirm_5_target_0.30,"{""confirmation_days"": 5, ""profit_target_from_confirmation_close"": 0.3}",0.397179064369223,0.397363640220633,0.41679944097093813,0.397255585096717,0.4018581838714079,-0.07497850818989038,0.4461348914188681,-0.5968168311967397,-0.3707790080622211,0.11334120425029516,0.11334120425029516,93,99.76353659186469,0.397179064369223,0.39754821607204294,0.0003691517028199254,True
D_long_riskoff_profit_target,D: Long-off target,off_10_target_0.10,"{""minimum_preceding_riskoff_days"": 10, ""profit_target_from_breakout_close"": 0.1}",0.4009948013867677,0.40127496907706106,0.40980367552869934,0.3970078891391826,0.45583091847875745,-0.04709547625795829,0.4463058794981001,-0.5940318925030557,-0.37620087859235984,0.04342122523940706,0.04355240718877083,71,77.76353659186469,0.4009948013867677,0.40155513676735444,0.0005603353805867517,True
D_long_riskoff_profit_target,D: Long-off target,off_10_target_0.20,"{""minimum_preceding_riskoff_days"": 10, ""profit_target_from_breakout_close"": 0.2}",0.39512910443065397,0.39514888190006836,0.4099071358577058,0.3971238029401851,0.46816009405606773,-0.04709547625795829,0.4452377273751564,-0.5940318925030561,-0.37620087859235984,0.06650924832743015,0.06664043027679391,71,77.76353659186469,0.39512910443065397,0.39516865936948276,3.955493882878969e-05,True
D_long_riskoff_profit_target,D: Long-off target,off_10_target_0.30,"{""minimum_preceding_riskoff_days"": 10, ""profit_target_from_breakout_close"": 0.3}",0.3881935711508582,0.38906026496265234,0.4206108465768721,0.4091219050395656,0.4584883623439018,-0.04709547625795829,0.44308665387767143,-0.5940318925030557,-0.37620087859235984,0.1491538764266037,0.14928505837596748,68,74.76353659186469,0.3881935711508582,0.3899269587744465,0.0017333876235883228,True
D_long_riskoff_profit_target,D: Long-off target,off_20_target_0.10,"{""minimum_preceding_riskoff_days"": 20, ""profit_target_from_breakout_close"": 0.1}",0.4001122784311706,0.4007483835548419,0.40740157058765547,0.39431695647475284,0.41067006970892184,-0.07497850818989038,0.4464069792398821,-0.5940318925030557,-0.37620087859235984,0.03974813065722157,0.03974813065722157,69,75.76353659186469,0.4001122784311706,0.4013844886785132,0.0012722102473425867,True
D_long_riskoff_profit_target,D: Long-off target,off_20_target_0.20,"{""minimum_preceding_riskoff_days"": 20, ""profit_target_from_breakout_close"": 0.2}",0.39324957751441647,0.3936147655245352,0.40798491929589775,0.3949703915815095,0.43086774897489466,-0.07497850818989038,0.4450763102022429,-0.5940318925030561,-0.37620087859235984,0.05916305916305916,0.05916305916305916,69,75.76353659186469,0.39324957751441647,0.393979953534654,0.0007303760202375109,True
D_long_riskoff_profit_target,D: Long-off target,off_20_target_0.30,"{""minimum_preceding_riskoff_days"": 20, ""profit_target_from_breakout_close"": 0.3}",0.38445683934556385,0.3849530527450392,0.41304173682336165,0.4006362408408273,0.42144168635426893,-0.07497850818989038,0.4427925684284521,-0.5940318925030557,-0.37620087859235984,0.13682277318640956,0.13682277318640956,66,72.76353659186469,0.38445683934556385,0.3854492661445146,0.0009924267989507296,True
D_long_riskoff_profit_target,D: Long-off target,off_40_target_0.10,"{""minimum_preceding_riskoff_days"": 40, ""profit_target_from_breakout_close"": 0.1}",0.4042851074675118,0.4043043611900282,0.40740157058765547,0.39431695647475284,0.41067006970892184,-0.07497850818989038,0.4465432339441297,-0.5940318925030557,-0.37620087859235984,0.03791158336612882,0.03791158336612882,67,73.76353659186469,0.4042851074675118,0.40432361491254465,3.850744503286485e-05,True
D_long_riskoff_profit_target,D: Long-off target,off_40_target_0.20,"{""minimum_preceding_riskoff_days"": 40, ""profit_target_from_breakout_close"": 0.2}",0.39900292318828057,0.40047035033749845,0.40798491929589775,0.3949703915815095,0.43086774897489466,-0.07497850818989038,0.4458318506190698,-0.594031892503055,-0.37620087859235984,0.05391578118850846,0.05391578118850846,67,73.76353659186469,0.39900292318828057,0.40193777748671633,0.002934854298435763,True
D_long_riskoff_profit_target,D: Long-off target,off_40_target_0.30,"{""minimum_preceding_riskoff_days"": 40, ""profit_target_from_breakout_close"": 0.3}",0.38985305608230925,0.3904247168558955,0.41304173682336165,0.4006362408408273,0.42144168635426893,-0.07497850818989038,0.4439804011674836,-0.5940318925030559,-0.37620087859235984,0.13000131181949365,0.13000131181949365,65,71.76353659186469,0.38985305608230925,0.3909963776294818,0.00114332154717256,True
D_long_riskoff_profit_target,D: Long-off target,off_5_target_0.10,"{""minimum_preceding_riskoff_days"": 5, ""profit_target_from_breakout_close"": 0.1}",0.4008559007584358,0.4013822347309156,0.40980367552869934,0.3970078891391826,0.45583091847875745,-0.04709547625795829,0.44590210540527975,-0.5940318925030557,-0.37620087859235984,0.0440771349862259,0.044208316935589666,71,77.76353659186469,0.4008559007584358,0.4019085687033954,0.0010526679449596177,True
D_long_riskoff_profit_target,D: Long-off target,off_5_target_0.20,"{""minimum_preceding_riskoff_days"": 5, ""profit_target_from_breakout_close"": 0.2}",0.39443307436996133,0.395255850543057,0.4099071358577058,0.3971238029401851,0.46816009405606773,-0.04709547625795829,0.44483300272949333,-0.594031892503056,-0.37620087859235984,0.06716515807424898,0.06729634002361275,71,77.76353659186469,0.39443307436996133,0.3960786267161527,0.001645552346191348,True
D_long_riskoff_profit_target,D: Long-off target,off_5_target_0.30,"{""minimum_preceding_riskoff_days"": 5, ""profit_target_from_breakout_close"": 0.3}",0.389098989153277,0.3891662566090297,0.4206108465768721,0.4091219050395656,0.4584883623439018,-0.04709547625795829,0.44267998713826967,-0.5940318925030559,-0.37620087859235984,0.14980978617342253,0.14994096812278632,68,74.76353659186469,0.389098989153277,0.3892335240647824,0.00013453491150539065,True
E_relative_strength,E: Relative strength,relative_10_0.00,"{""relative_return_threshold"": 0.0, ""tecl_minus_tqqq_lookback_days"": 10}",0.2943186752777951,0.31093019088256757,0.3345527532802468,0.31188065527216935,0.33678551504917076,-0.08886596607303188,0.44480561839436583,-0.6083452534746687,-0.3707790080622211,0.2955529319165683,0.2956841138659321,873,879.7635365918647,0.2943186752777951,0.32754170648734005,0.03322303120954495,False
E_relative_strength,E: Relative strength,relative_10_0.02,"{""relative_return_threshold"": 0.02, ""tecl_minus_tqqq_lookback_days"": 10}",0.35103267180017506,0.3601193286835508,0.36775333650401887,0.3552022455277404,0.3694122703880742,-0.0783724248005152,0.4470908210253624,-0.5822062644368067,-0.3707790080622211,0.12081857536402991,0.12094975731339368,553,559.7635365918647,0.35103267180017506,0.3692059855669265,0.018173313766751464,True
E_relative_strength,E: Relative strength,relative_10_0.05,"{""relative_return_threshold"": 0.05, ""tecl_minus_tqqq_lookback_days"": 10}",0.3914535885702759,0.3960075238931209,0.38761914119747565,0.37622034020147566,0.31339607317441387,-0.07010810841501958,0.4476337410663565,-0.5995837886766099,-0.3707790080622211,0.02243211334120425,0.022563295290568018,188,194.76353659186472,0.3914535885702759,0.40056145921596586,0.009107870645689964,True
E_relative_strength,E: Relative strength,relative_20_0.00,"{""relative_return_threshold"": 0.0, ""tecl_minus_tqqq_lookback_days"": 20}",0.2968942285036278,0.3171438330879689,0.31673469650163644,0.29272719707627703,0.40541412814837674,-0.0898260229068707,0.4457452182063539,-0.6063042906213116,-0.3707790080622211,0.2773186409550046,0.27744982290436837,676,682.7635365918647,0.2968942285036278,0.33739343767231,0.040499209168682215,False
E_relative_strength,E: Relative strength,relative_20_0.02,"{""relative_return_threshold"": 0.02, ""tecl_minus_tqqq_lookback_days"": 20}",0.3490278535143274,0.3546893066387158,0.36455383836714517,0.34456053321495506,0.49963544894776324,-0.06625642796996023,0.4467127924406232,-0.5978843380140768,-0.3707790080622211,0.1386593204775023,0.13879050242686605,482,488.7635365918647,0.3490278535143274,0.36035075976310416,0.011322906248776743,True
E_relative_strength,E: Relative strength,relative_20_0.05,"{""relative_return_threshold"": 0.05, ""tecl_minus_tqqq_lookback_days"": 20}",0.39972184747834794,0.40000435301656845,0.38870993871002746,0.3761836839843138,0.3527650465661607,-0.06697370693087912,0.44656034380859805,-0.6034734817077725,-0.3707790080622211,0.03581267217630854,0.03594385412567231,222,228.76353659186472,0.39972184747834794,0.40028685855478896,0.0005650110764410243,True
E_relative_strength,E: Relative strength,relative_40_0.00,"{""relative_return_threshold"": 0.0, ""tecl_minus_tqqq_lookback_days"": 40}",0.35310833741099446,0.3580647770122255,0.3661422283841058,0.346409229210789,0.3307873909722556,-0.08868432317080954,0.4498872025265674,-0.6077563384837505,-0.3707790080622211,0.25554243736061916,0.25567361930998295,444,450.7635365918647,0.35310833741099446,0.36302121661345654,0.009912879202462088,True
E_relative_strength,E: Relative strength,relative_40_0.02,"{""relative_return_threshold"": 0.02, ""tecl_minus_tqqq_lookback_days"": 40}",0.3564629304291993,0.36529349909061826,0.3755047301921963,0.3631252429316052,0.3515107253105081,-0.08219030931085869,0.4500132303241021,-0.6101164699078192,-0.3707790080622211,0.15833661288206743,0.1584677948314312,380,386.7635365918647,0.3564629304291993,0.3741240677520372,0.017661137322837916,True
E_relative_strength,E: Relative strength,relative_40_0.05,"{""relative_return_threshold"": 0.05, ""tecl_minus_tqqq_lookback_days"": 40}",0.37782383998323965,0.3900566400967709,0.37705346736873735,0.3662092558899006,0.37354621036438385,-0.10075956711317835,0.4496227135047157,-0.6011629806046214,-0.3707790080622211,0.06637806637806638,0.06650924832743015,256,262.7635365918647,0.37782383998323965,0.4022894402103021,0.024465600227062456,True
E_relative_strength,E: Relative strength,relative_60_0.00,"{""relative_return_threshold"": 0.0, ""tecl_minus_tqqq_lookback_days"": 60}",0.34710816459785976,0.3522370532786234,0.36188320381969064,0.3423456623970289,0.4596168340393849,-0.07129995128262956,0.45179668582395255,-0.6398963250903767,-0.3707790080622211,0.2547553456644366,0.2548865276138003,396,402.7635365918647,0.34710816459785976,0.3573659419593871,0.010257777361527332,True
E_relative_strength,E: Relative strength,relative_60_0.02,"{""relative_return_threshold"": 0.02, ""tecl_minus_tqqq_lookback_days"": 60}",0.3490830619056906,0.35726523350043016,0.36226067488837765,0.34728088922346645,0.32909547748895296,-0.07129995128262956,0.45134758448685747,-0.6317618994641168,-0.3707790080622211,0.1778827233372688,0.17801390528663255,370,376.76353659186475,0.3490830619056906,0.3654474050951697,0.016364343189479102,True
E_relative_strength,E: Relative strength,relative_60_0.05,"{""relative_return_threshold"": 0.05, ""tecl_minus_tqqq_lookback_days"": 60}",0.3672421462527391,0.36863871018698946,0.36426094113153495,0.3502898007581894,0.1459733705356112,-0.07497850818989038,0.45022093542685643,-0.6175454028409249,-0.3707790080622211,0.08776072412436049,0.08776072412436049,242,248.76353659186472,0.3672421462527391,0.3700352741212398,0.002793127868500722,True
