method,method_label,candidate_id,parameters,delay,cagr,post_2008_cagr,post_2010_cagr,volatility,max_drawdown,dotcom_max_drawdown,trailing_252_return,return_2026_ytd,ending_value_1000,tecl_share,tqqq_share,defensive_share,asset_switches,tecl_entries,total_turnover
Baseline,Baseline TQQQ,baseline_tqqq,"{""risk_on_asset"": ""TQQQ""}",0,0.41608080544251336,0.4020930336319135,0.38889688713123083,0.4457051422826285,-0.5316048869501026,-0.2310135761888068,0.33408353067595264,-0.07497850818989038,37702991.84121797,0.0,0.6649613013249377,0.3350386986750623,54,0,60.763536591864685
Baseline,Baseline TQQQ,baseline_tqqq,"{""risk_on_asset"": ""TQQQ""}",1,0.41195425197017665,0.4086563118964357,0.3983570685736597,0.44801752701271347,-0.5986999094008929,-0.3707790080622211,0.3356841873010221,-0.07129995128262956,34513311.2146069,0.0,0.6648301193755739,0.3351698806244261,54,0,60.74721931334652
All_TECL,TECL throughout risk-on,all_tecl,"{""risk_on_asset"": ""TECL""}",0,0.30820520453802236,0.36300609741892087,0.34019107919008307,0.43858387512030655,-0.5315231630730759,-0.20231930054535063,0.4756560647091488,-0.08202273516968217,3420186.4696358135,0.6649613013249377,0.0,0.3350386986750623,54,27,60.763536591864685
All_TECL,TECL throughout risk-on,all_tecl,"{""risk_on_asset"": ""TECL""}",1,0.3138301273031108,0.37537734391507294,0.35274165584309625,0.4403563849911366,-0.582200991301344,-0.32086497288404936,0.4615647074948681,-0.0790150819338411,3894838.66223218,0.6648301193755739,0.0,0.3351698806244261,54,27,60.74721931334652
A_profit_target,A: Profit target,profit_target_0.10,"{""profit_target_from_breakout_close"": 0.1}",0,0.40138420051642987,0.40933098665836454,0.39633551262389055,0.4422574811312164,-0.5272986814342199,-0.2310135761888068,0.45583091847875745,-0.045365094963433994,27487783.569701526,0.04591368227731864,0.6190476190476191,0.3350386986750623,73,27,79.76353659186469
A_profit_target,A: Profit target,profit_target_0.10,"{""profit_target_from_breakout_close"": 0.1}",1,0.4025391924354067,0.4145627495454809,0.40293916624153403,0.44541735125297277,-0.5940318925030553,-0.37620087859235984,0.45974190661166947,-0.04709547625795829,28182334.406108383,0.045782500327954875,0.6190476190476191,0.3351698806244261,73,27,79.74721931334652
A_profit_target,A: Profit target,profit_target_0.15,"{""profit_target_from_breakout_close"": 0.15}",0,0.3978447672800858,0.4050429377690161,0.3915329933934695,0.44226498892245114,-0.5272986814342198,-0.2310135761888068,0.4725872141016225,-0.045365094963433994,25460894.45892545,0.05562114653023744,0.6093401547947003,0.3350386986750623,73,27,79.76353659186469
A_profit_target,A: Profit target,profit_target_0.15,"{""profit_target_from_breakout_close"": 0.15}",1,0.39388885242518956,0.4115352795329854,0.399544831154081,0.44479243261198126,-0.5940318925030559,-0.37620087859235984,0.4295076776346922,-0.04709547625795829,23366484.4716689,0.05548996458087367,0.6093401547947003,0.3351698806244261,73,27,79.7472193133465
A_profit_target,A: Profit target,profit_target_0.20,"{""profit_target_from_breakout_close"": 0.2}",0,0.39534140915960436,0.4100742529244559,0.3978603716171978,0.4417555826599096,-0.5272986814342193,-0.2310135761888068,0.4931034094727962,-0.045365094963433994,24115399.07882866,0.06965761511216056,0.5953036862127771,0.3350386986750623,73,27,79.76353659186469
A_profit_target,A: Profit target,profit_target_0.20,"{""profit_target_from_breakout_close"": 0.2}",1,0.39770953717216373,0.41921982514939904,0.40664194852287383,0.44438340665424086,-0.5940318925030555,-0.37620087859235984,0.46816009405606773,-0.04709547625795829,25386393.0395554,0.0695264331627968,0.5953036862127771,0.3351698806244261,73,27,79.7472193133465
A_profit_target,A: Profit target,profit_target_0.25,"{""profit_target_from_breakout_close"": 0.25}",0,0.39553527095724017,0.4212556314705884,0.4040969137569712,0.4390908863892768,-0.52729868143422,-0.2310135761888068,0.5059754383686044,-0.045365094963433994,24217089.89071204,0.1390528663255936,0.5259084349993441,0.3350386986750623,70,27,76.76353659186469
A_profit_target,A: Profit target,profit_target_0.25,"{""profit_target_from_breakout_close"": 0.25}",1,0.3922260834052911,0.4284129736958018,0.40987891509212004,0.4416712121623384,-0.5940318925030557,-0.37620087859235984,0.47541076282778905,-0.04709547625795829,22536784.893195197,0.13892168437622984,0.5259084349993441,0.3351698806244261,70,27,76.74721931334652
A_profit_target,A: Profit target,profit_target_0.30,"{""profit_target_from_breakout_close"": 0.3}",0,0.3941672868798576,0.4276030055592035,0.4102360672590031,0.43964321286743296,-0.52729868143422,-0.2310135761888068,0.5042084464774084,-0.045365094963433994,23508276.17084584,0.1561065197428834,0.5088547815820543,0.3350386986750623,70,27,76.76353659186469
A_profit_target,A: Profit target,profit_target_0.30,"{""profit_target_from_breakout_close"": 0.3}",1,0.39707231069626037,0.4412390110278539,0.42298363700348207,0.4422344356861358,-0.594031892503056,-0.37620087859235984,0.4584883623439018,-0.04709547625795829,25038157.857542634,0.1559753377935196,0.5088547815820543,0.3351698806244261,70,27,76.74721931334652
B_fixed_duration,B: Fixed duration,fixed_duration_10,"{""tecl_holding_days_after_risk_on"": 10}",0,0.4031910137543604,0.40802485286671364,0.39759725546524893,0.4433614859356848,-0.5335974673349297,-0.2310135761888068,0.4446983953668102,-0.045365094963433994,28581764.559236433,0.02833530106257379,0.6366260002623639,0.3350386986750623,74,27,80.76353659186469
B_fixed_duration,B: Fixed duration,fixed_duration_10,"{""tecl_holding_days_after_risk_on"": 10}",1,0.4008545359619655,0.41902031885018265,0.40824782240812896,0.4460315481969422,-0.6039607109450802,-0.37620087859235984,0.43461485992103666,-0.04709547625795829,27174834.924329404,0.02820411911321002,0.6366260002623639,0.3351698806244261,74,27,80.74721931334653
B_fixed_duration,B: Fixed duration,fixed_duration_20,"{""tecl_holding_days_after_risk_on"": 20}",0,0.40212326728396985,0.4131022114130656,0.39715698234815244,0.4424080565875501,-0.551197478365825,-0.2310135761888068,0.510283788789422,-0.045365094963433994,27930286.078160357,0.0545716909353273,0.6103896103896104,0.3350386986750623,74,27,80.76353659186469
B_fixed_duration,B: Fixed duration,fixed_duration_20,"{""tecl_holding_days_after_risk_on"": 20}",1,0.397458748506057,0.4191187605372997,0.40371037042257574,0.4448929899784942,-0.6102904091940154,-0.37620087859235984,0.4840286156425815,-0.04709547625795829,25248785.310712803,0.05444050898596353,0.6103896103896104,0.3351698806244261,74,27,80.74721931334652
B_fixed_duration,B: Fixed duration,fixed_duration_40,"{""tecl_holding_days_after_risk_on"": 40}",0,0.38034354457410924,0.41360960219820364,0.3946172627520168,0.43939378281947183,-0.5562927694895807,-0.2310135761888068,0.518263270426701,-0.045365094963433994,17383494.244974572,0.10232192050373869,0.562639380821199,0.3350386986750623,71,27,77.76353659186469
B_fixed_duration,B: Fixed duration,fixed_duration_40,"{""tecl_holding_days_after_risk_on"": 40}",1,0.38311930334333666,0.4268918076294377,0.406978224773034,0.4418978066232027,-0.6115786924033,-0.37620087859235984,0.4876129274270993,-0.04709547625795829,18474098.018523764,0.10219073855437492,0.562639380821199,0.3351698806244261,71,27,77.74721931334652
B_fixed_duration,B: Fixed duration,fixed_duration_60,"{""tecl_holding_days_after_risk_on"": 60}",0,0.3767937656040934,0.4189320810627337,0.4038289868616991,0.43750069927992546,-0.5405843808218049,-0.20231930054535063,0.45403224550606813,-0.045365094963433994,16079199.96890577,0.14285714285714285,0.5221041584677948,0.3350386986750623,69,27,75.76353659186469
B_fixed_duration,B: Fixed duration,fixed_duration_60,"{""tecl_holding_days_after_risk_on"": 60}",1,0.37572978294770465,0.42617164787784056,0.4103803194137847,0.43967395504949597,-0.6042441933520417,-0.32086497288404936,0.415234939869106,-0.04709547625795829,15707052.883391408,0.1427259609077791,0.5221041584677948,0.3351698806244261,69,27,75.74721931334652
B_fixed_duration,B: Fixed duration,fixed_duration_80,"{""tecl_holding_days_after_risk_on"": 80}",0,0.3837675363395381,0.4271412470384466,0.4119509111630282,0.43821443536327387,-0.5272986814342195,-0.20231930054535063,0.5821963742242309,-0.045365094963433994,18738162.575234883,0.1822117276662731,0.48274957365866455,0.3350386986750623,69,27,75.76353659186469
B_fixed_duration,B: Fixed duration,fixed_duration_80,"{""tecl_holding_days_after_risk_on"": 80}",1,0.3832857201426412,0.4338182740960219,0.4195874886324815,0.44031852828095125,-0.5940318925030552,-0.32086497288404936,0.5662193801883773,-0.04709547625795829,18541544.26969239,0.18208054571690935,0.48274957365866455,0.3351698806244261,69,27,75.74721931334652
C_confirmed_profit_target,C: Confirm then target,confirm_2_target_0.10,"{""confirmation_days"": 2, ""profit_target_from_confirmation_close"": 0.1}",0,0.40709284957585457,0.4094641765917366,0.3944506680705675,0.4426764333508977,-0.5264498366113941,-0.2310135761888068,0.4565588345579674,-0.05133791187827408,31089730.806178212,0.04014167650531287,0.6248196248196248,0.3350386986750623,97,24,103.76353659186469
C_confirmed_profit_target,C: Confirm then target,confirm_2_target_0.10,"{""confirmation_days"": 2, ""profit_target_from_confirmation_close"": 0.1}",1,0.39932652565074256,0.40847489987278074,0.3987645558508841,0.4453771482232347,-0.5950036842090525,-0.3707790080622211,0.4247081440179441,-0.06697370693087912,26291205.245434545,0.0400104945559491,0.6248196248196248,0.3351698806244261,97,24,103.74721931334652
C_confirmed_profit_target,C: Confirm then target,confirm_2_target_0.20,"{""confirmation_days"": 2, ""profit_target_from_confirmation_close"": 0.2}",0,0.4003865643970985,0.4081088857042401,0.39293475834969027,0.44254227840749855,-0.5264498366113939,-0.2310135761888068,0.4681358012694672,-0.05133791187827408,26901206.14847712,0.06270497179588089,0.6022563295290568,0.3350386986750623,97,24,103.76353659186469
C_confirmed_profit_target,C: Confirm then target,confirm_2_target_0.20,"{""confirmation_days"": 2, ""profit_target_from_confirmation_close"": 0.2}",1,0.39528009810567744,0.40985134426294634,0.40031016926708074,0.44497647002631247,-0.5950036842090513,-0.3707790080622211,0.4414311742221486,-0.06697370693087912,24083324.20765114,0.06257378984651712,0.6022563295290568,0.3351698806244261,97,24,103.74721931334652
C_confirmed_profit_target,C: Confirm then target,confirm_2_target_0.30,"{""confirmation_days"": 2, ""profit_target_from_confirmation_close"": 0.3}",0,0.3999583518946721,0.4272099910553726,0.4086947863221779,0.44009472823635987,-0.5264498366113934,-0.2310135761888068,0.49311899137545434,-0.05133791187827408,26653160.730072144,0.15125278761642397,0.5137085137085137,0.3350386986750623,94,24,100.76353659186469
C_confirmed_profit_target,C: Confirm then target,confirm_2_target_0.30,"{""confirmation_days"": 2, ""profit_target_from_confirmation_close"": 0.3}",1,0.3893580497429885,0.42743986479608753,0.4114670730042638,0.4424387054151415,-0.5950036842090516,-0.3707790080622211,0.47461905765589685,-0.06697370693087912,21172161.003470264,0.1511216056670602,0.5137085137085137,0.3351698806244261,94,24,100.74721931334652
C_confirmed_profit_target,C: Confirm then target,confirm_3_target_0.10,"{""confirmation_days"": 3, ""profit_target_from_confirmation_close"": 0.1}",0,0.39910219567975513,0.39965512028579986,0.3871282737219035,0.44351004809688155,-0.5271113115061787,-0.2310135761888068,0.4314487688571502,-0.07066939998028243,26163839.961115446,0.04132231404958678,0.6236389872753509,0.3350386986750623,96,23,102.76353659186469
C_confirmed_profit_target,C: Confirm then target,confirm_3_target_0.10,"{""confirmation_days"": 3, ""profit_target_from_confirmation_close"": 0.1}",1,0.39387639405930686,0.4052279064380735,0.3937191693052764,0.4460680987305858,-0.5943729581288275,-0.3707790080622211,0.4126332079322459,-0.07129995128262956,23360159.46374058,0.04119113210022301,0.6236389872753509,0.3351698806244261,95,22,101.74721931334653
C_confirmed_profit_target,C: Confirm then target,confirm_3_target_0.20,"{""confirmation_days"": 3, ""profit_target_from_confirmation_close"": 0.2}",0,0.3902689559985937,0.3995407074946975,0.38589264796499934,0.44327167933197503,-0.5271113115061787,-0.2310135761888068,0.4428261566791145,-0.07066939998028243,21596674.937949836,0.06362324544142726,0.6013380558835104,0.3350386986750623,96,23,102.76353659186469
C_confirmed_profit_target,C: Confirm then target,confirm_3_target_0.20,"{""confirmation_days"": 3, ""profit_target_from_confirmation_close"": 0.2}",1,0.3968089724601711,0.4118096007378176,0.4018763547443578,0.44581978155978846,-0.5943729581288273,-0.3707790080622211,0.4292145041808191,-0.07129995128262956,24895600.166275244,0.06349206349206349,0.6013380558835104,0.3351698806244261,95,22,101.74721931334652
C_confirmed_profit_target,C: Confirm then target,confirm_3_target_0.30,"{""confirmation_days"": 3, ""profit_target_from_confirmation_close"": 0.3}",0,0.40039824338201524,0.42053846728304745,0.40956351100128097,0.44271759023502233,-0.5271113115061797,-0.2310135761888068,0.4771225606057452,-0.07066939998028243,26908002.46447906,0.10625737898465171,0.558703922340286,0.3350386986750623,94,23,100.76353659186469
C_confirmed_profit_target,C: Confirm then target,confirm_3_target_0.30,"{""confirmation_days"": 3, ""profit_target_from_confirmation_close"": 0.3}",1,0.4014902397475286,0.429300111026627,0.41877246427078707,0.4452084809503037,-0.5943729581288273,-0.3707790080622211,0.4558975045789784,-0.07129995128262956,27550853.45090449,0.10612619703528794,0.558703922340286,0.3351698806244261,93,22,99.74721931334653
C_confirmed_profit_target,C: Confirm then target,confirm_5_target_0.10,"{""confirmation_days"": 5, ""profit_target_from_confirmation_close"": 0.1}",0,0.39643743077708327,0.39735012366545064,0.38201179189448253,0.44463455587268136,-0.5316945096658928,-0.2310135761888068,0.3824730035199666,-0.07497850818989038,24695800.880088054,0.043683589138134596,0.621277712186803,0.3350386986750623,94,21,100.76353659186469
C_confirmed_profit_target,C: Confirm then target,confirm_5_target_0.10,"{""confirmation_days"": 5, ""profit_target_from_confirmation_close"": 0.1}",1,0.39431434843833024,0.40364699307739427,0.3933745202229002,0.4471640748794068,-0.5968168311967381,-0.3707790080622211,0.37177181101108303,-0.07129995128262956,23583502.124622792,0.043683589138134596,0.6211465302374394,0.3351698806244261,94,21,100.74721931334652
C_confirmed_profit_target,C: Confirm then target,confirm_5_target_0.20,"{""confirmation_days"": 5, ""profit_target_from_confirmation_close"": 0.2}",0,0.4060530387054768,0.4134035879324953,0.40011434396268664,0.4442957746954457,-0.5316945096658924,-0.2310135761888068,0.41927008193333526,-0.07497850818989038,30401320.290994126,0.07201889020070838,0.5929424111242293,0.3350386986750623,93,21,99.76353659186469
C_confirmed_profit_target,C: Confirm then target,confirm_5_target_0.20,"{""confirmation_days"": 5, ""profit_target_from_confirmation_close"": 0.2}",1,0.4068949967401818,0.4247099201494797,0.41429049241140037,0.4467611780340794,-0.5968168311967388,-0.3707790080622211,0.43542706247564467,-0.07129995128262956,30957590.88266265,0.07201889020070838,0.5928112291748655,0.3351698806244261,93,21,99.7472193133465
C_confirmed_profit_target,C: Confirm then target,confirm_5_target_0.30,"{""confirmation_days"": 5, ""profit_target_from_confirmation_close"": 0.3}",0,0.397179064369223,0.41679944097093813,0.397255585096717,0.4436289735919521,-0.5316945096658929,-0.2310135761888068,0.4018581838714079,-0.07497850818989038,25096173.351030555,0.11334120425029516,0.5516200970746425,0.3350386986750623,93,21,99.76353659186469
C_confirmed_profit_target,C: Confirm then target,confirm_5_target_0.30,"{""confirmation_days"": 5, ""profit_target_from_confirmation_close"": 0.3}",1,0.39754821607204294,0.4245866121778077,0.40710425610909384,0.4461348914188681,-0.5968168311967397,-0.3707790080622211,0.4122879862905706,-0.07129995128262956,25297793.195800953,0.11334120425029516,0.5514889151252788,0.3351698806244261,93,21,99.7472193133465
C_confirmed_profit_target,C: Confirm then target,confirm_10_target_0.10,"{""confirmation_days"": 10, ""profit_target_from_confirmation_close"": 0.1}",0,0.41061747210397526,0.41062125233662905,0.3909989884364402,0.44452591474808983,-0.530567316446839,-0.2310135761888068,0.37184963063129306,-0.07497850818989038,33537180.394240532,0.04329004329004329,0.6216712580348944,0.3350386986750623,94,20,100.76353659186469
C_confirmed_profit_target,C: Confirm then target,confirm_10_target_0.10,"{""confirmation_days"": 10, ""profit_target_from_confirmation_close"": 0.1}",1,0.4087908028187903,0.4179240406769451,0.3995652436443182,0.44664793109031614,-0.5920100806160141,-0.3707790080622211,0.36017166954862545,-0.07129995128262956,32246391.18578354,0.04329004329004329,0.6215400760855306,0.3351698806244261,94,20,100.74721931334653
C_confirmed_profit_target,C: Confirm then target,confirm_10_target_0.20,"{""confirmation_days"": 10, ""profit_target_from_confirmation_close"": 0.2}",0,0.4064702974286114,0.4104625531706798,0.3886954114301351,0.44333688473190097,-0.5333220811190401,-0.2310135761888068,0.38275331480126296,-0.07497850818989038,30675778.59541001,0.0755608028335301,0.5894004984914076,0.3350386986750623,91,20,97.76353659186469
C_confirmed_profit_target,C: Confirm then target,confirm_10_target_0.20,"{""confirmation_days"": 10, ""profit_target_from_confirmation_close"": 0.2}",1,0.4060420264691751,0.4220277629294187,0.40336652171727105,0.4453197929538235,-0.594232451770374,-0.3707790080622211,0.37613717940288827,-0.07129995128262956,30394109.082416166,0.0755608028335301,0.5892693165420438,0.3351698806244261,91,20,97.74721931334652
C_confirmed_profit_target,C: Confirm then target,confirm_10_target_0.30,"{""confirmation_days"": 10, ""profit_target_from_confirmation_close"": 0.3}",0,0.4114182453441617,0.4229782077822992,0.40518156612937495,0.44330644589799917,-0.5333220811190404,-0.2310135761888068,0.40628355560289164,-0.07497850818989038,34118658.34526009,0.12055621146530238,0.5444050898596353,0.3350386986750623,91,20,97.76353659186469
C_confirmed_profit_target,C: Confirm then target,confirm_10_target_0.30,"{""confirmation_days"": 10, ""profit_target_from_confirmation_close"": 0.3}",1,0.40632282637252404,0.43084296796221455,0.4166124806609872,0.4454153879435399,-0.5942324517703739,-0.3707790080622211,0.40782171704549786,-0.07129995128262956,30578504.611778192,0.12055621146530238,0.5442739079102715,0.3351698806244261,91,20,97.74721931334653
D_long_riskoff_profit_target,D: Long-off target,off_5_target_0.10,"{""minimum_preceding_riskoff_days"": 5, ""profit_target_from_breakout_close"": 0.1}",0,0.4008559007584358,0.40980367552869934,0.3970078891391826,0.44264781664600866,-0.52729868143422,-0.2310135761888068,0.45583091847875745,-0.045365094963433994,27175636.86006465,0.044208316935589666,0.620752984389348,0.3350386986750623,71,24,77.76353659186469
D_long_riskoff_profit_target,D: Long-off target,off_5_target_0.10,"{""minimum_preceding_riskoff_days"": 5, ""profit_target_from_breakout_close"": 0.1}",1,0.4019085687033954,0.4144428403351921,0.40266906669971836,0.44590210540527975,-0.5940318925030557,-0.37620087859235984,0.45974190661166947,-0.04709547625795829,27801034.339557003,0.0440771349862259,0.620752984389348,0.3351698806244261,71,24,77.74721931334652
D_long_riskoff_profit_target,D: Long-off target,off_5_target_0.20,"{""minimum_preceding_riskoff_days"": 5, ""profit_target_from_breakout_close"": 0.2}",0,0.39443307436996133,0.4099071358577058,0.3971238029401851,0.44198340786125306,-0.5272986814342193,-0.2310135761888068,0.4931034094727962,-0.045365094963433994,23644403.409485858,0.06729634002361275,0.597664961301325,0.3350386986750623,71,24,77.76353659186469
D_long_riskoff_profit_target,D: Long-off target,off_5_target_0.20,"{""minimum_preceding_riskoff_days"": 5, ""profit_target_from_breakout_close"": 0.2}",1,0.3960786267161527,0.4174140481180648,0.4060008855138044,0.44483300272949333,-0.594031892503056,-0.37620087859235984,0.46816009405606773,-0.04709547625795829,24504323.583378237,0.06716515807424898,0.597664961301325,0.3351698806244261,71,24,77.74721931334652
D_long_riskoff_profit_target,D: Long-off target,off_5_target_0.30,"{""minimum_preceding_riskoff_days"": 5, ""profit_target_from_breakout_close"": 0.3}",0,0.3892335240647824,0.4206108465768721,0.4091219050395656,0.43975677622750403,-0.5272986814342199,-0.2310135761888068,0.5042084464774084,-0.045365094963433994,21114758.40020676,0.14994096812278632,0.5150203332021513,0.3350386986750623,68,24,74.76353659186469
D_long_riskoff_profit_target,D: Long-off target,off_5_target_0.30,"{""minimum_preceding_riskoff_days"": 5, ""profit_target_from_breakout_close"": 0.3}",1,0.389098989153277,0.42858851222686756,0.41853973277798007,0.44267998713826967,-0.5940318925030559,-0.37620087859235984,0.4584883623439018,-0.04709547625795829,21052910.96864761,0.14980978617342253,0.5150203332021513,0.3351698806244261,68,24,74.74721931334652
D_long_riskoff_profit_target,D: Long-off target,off_10_target_0.10,"{""minimum_preceding_riskoff_days"": 10, ""profit_target_from_breakout_close"": 0.1}",0,0.40155513676735444,0.40980367552869934,0.3970078891391826,0.4431881528094914,-0.5272986814342193,-0.2310135761888068,0.45583091847875745,-0.045365094963433994,27589521.821969245,0.04355240718877083,0.6214088941361668,0.3350386986750623,71,23,77.76353659186469
D_long_riskoff_profit_target,D: Long-off target,off_10_target_0.10,"{""minimum_preceding_riskoff_days"": 10, ""profit_target_from_breakout_close"": 0.1}",1,0.4009948013867677,0.4144428403351921,0.40266906669971836,0.4463058794981001,-0.5940318925030557,-0.37620087859235984,0.45974190661166947,-0.04709547625795829,27257372.75971407,0.04342122523940706,0.6214088941361668,0.3351698806244261,71,23,77.74721931334652
D_long_riskoff_profit_target,D: Long-off target,off_10_target_0.20,"{""minimum_preceding_riskoff_days"": 10, ""profit_target_from_breakout_close"": 0.2}",0,0.39512910443065397,0.4099071358577058,0.3971238029401851,0.44252458803983574,-0.5272986814342203,-0.2310135761888068,0.4931034094727962,-0.045365094963433994,24004507.684310593,0.06664043027679391,0.5983208710481438,0.3350386986750623,71,23,77.76353659186469
D_long_riskoff_profit_target,D: Long-off target,off_10_target_0.20,"{""minimum_preceding_riskoff_days"": 10, ""profit_target_from_breakout_close"": 0.2}",1,0.39516865936948276,0.4174140481180648,0.4060008855138044,0.4452377273751564,-0.5940318925030561,-0.37620087859235984,0.46816009405606773,-0.04709547625795829,24025130.647258796,0.06650924832743015,0.5983208710481438,0.3351698806244261,71,23,77.74721931334652
D_long_riskoff_profit_target,D: Long-off target,off_10_target_0.30,"{""minimum_preceding_riskoff_days"": 10, ""profit_target_from_breakout_close"": 0.3}",0,0.3899269587744465,0.4206108465768721,0.4091219050395656,0.44030072524165076,-0.5272986814342195,-0.2310135761888068,0.5042084464774084,-0.045365094963433994,21436336.180374343,0.14928505837596748,0.5156762429489702,0.3350386986750623,68,23,74.76353659186469
D_long_riskoff_profit_target,D: Long-off target,off_10_target_0.30,"{""minimum_preceding_riskoff_days"": 10, ""profit_target_from_breakout_close"": 0.3}",1,0.3881935711508582,0.42858851222686756,0.41853973277798007,0.44308665387767143,-0.5940318925030557,-0.37620087859235984,0.4584883623439018,-0.04709547625795829,20641211.939837582,0.1491538764266037,0.5156762429489702,0.3351698806244261,68,23,74.74721931334652
D_long_riskoff_profit_target,D: Long-off target,off_20_target_0.10,"{""minimum_preceding_riskoff_days"": 20, ""profit_target_from_breakout_close"": 0.1}",0,0.4001122784311706,0.40740157058765547,0.39431695647475284,0.44311099339806526,-0.5272986814342193,-0.2310135761888068,0.41067006970892184,-0.07497850818989038,26742068.183005292,0.03974813065722157,0.6252131706677161,0.3350386986750623,69,20,75.76353659186469
D_long_riskoff_profit_target,D: Long-off target,off_20_target_0.10,"{""minimum_preceding_riskoff_days"": 20, ""profit_target_from_breakout_close"": 0.1}",1,0.4013844886785132,0.41509427544181565,0.4033994873275879,0.4464069792398821,-0.5940318925030557,-0.37620087859235984,0.42266338967662653,-0.07129995128262956,27487954.77305004,0.03974813065722157,0.6250819887183523,0.3351698806244261,69,20,75.74721931334652
D_long_riskoff_profit_target,D: Long-off target,off_20_target_0.20,"{""minimum_preceding_riskoff_days"": 20, ""profit_target_from_breakout_close"": 0.2}",0,0.393979953534654,0.40798491929589775,0.3949703915815095,0.44232852728219835,-0.5272986814342203,-0.2310135761888068,0.44678634310399934,-0.07497850818989038,23412786.097711,0.05916305916305916,0.6057982421618785,0.3350386986750623,69,20,75.76353659186469
D_long_riskoff_profit_target,D: Long-off target,off_20_target_0.20,"{""minimum_preceding_riskoff_days"": 20, ""profit_target_from_breakout_close"": 0.2}",1,0.39324957751441647,0.4141875304157989,0.4023828128233351,0.4450763102022429,-0.5940318925030561,-0.37620087859235984,0.43086774897489466,-0.07129995128262956,23044058.220609717,0.05916305916305916,0.6056670602125147,0.3351698806244261,69,20,75.74721931334652
D_long_riskoff_profit_target,D: Long-off target,off_20_target_0.30,"{""minimum_preceding_riskoff_days"": 20, ""profit_target_from_breakout_close"": 0.3}",0,0.3854492661445146,0.41304173682336165,0.4006362408408273,0.4399674034460422,-0.5272986814342195,-0.2310135761888068,0.4575468944335357,-0.07497850818989038,19440363.012303054,0.13682277318640956,0.5281385281385281,0.3350386986750623,66,20,72.76353659186469
D_long_riskoff_profit_target,D: Long-off target,off_20_target_0.30,"{""minimum_preceding_riskoff_days"": 20, ""profit_target_from_breakout_close"": 0.3}",1,0.38445683934556385,0.42222741588212354,0.41140038017472835,0.4427925684284521,-0.5940318925030557,-0.37620087859235984,0.42144168635426893,-0.07129995128262956,19022960.72838246,0.13682277318640956,0.5280073461891643,0.3351698806244261,66,20,72.74721931334652
D_long_riskoff_profit_target,D: Long-off target,off_40_target_0.10,"{""minimum_preceding_riskoff_days"": 40, ""profit_target_from_breakout_close"": 0.1}",0,0.4042851074675118,0.40740157058765547,0.39431695647475284,0.44326167759087337,-0.5272986814342201,-0.2310135761888068,0.41067006970892184,-0.07497850818989038,29264552.150667757,0.03791158336612882,0.6270497179588088,0.3350386986750623,67,18,73.76353659186469
D_long_riskoff_profit_target,D: Long-off target,off_40_target_0.10,"{""minimum_preceding_riskoff_days"": 40, ""profit_target_from_breakout_close"": 0.1}",1,0.40432361491254465,0.41509427544181565,0.4033994873275879,0.4465432339441297,-0.5940318925030557,-0.37620087859235984,0.42266338967662653,-0.07129995128262956,29288868.440739587,0.03791158336612882,0.6269185360094451,0.3351698806244261,67,18,73.74721931334652
D_long_riskoff_profit_target,D: Long-off target,off_40_target_0.20,"{""minimum_preceding_riskoff_days"": 40, ""profit_target_from_breakout_close"": 0.2}",0,0.40193777748671633,0.40798491929589775,0.3949703915815095,0.44299516696076124,-0.5272986814342198,-0.2310135761888068,0.44678634310399934,-0.07497850818989038,27818584.40966543,0.05391578118850846,0.6110455201364292,0.3350386986750623,67,18,73.76353659186469
D_long_riskoff_profit_target,D: Long-off target,off_40_target_0.20,"{""minimum_preceding_riskoff_days"": 40, ""profit_target_from_breakout_close"": 0.2}",1,0.39900292318828057,0.4141875304157989,0.4023828128233351,0.4458318506190698,-0.594031892503055,-0.37620087859235984,0.43086774897489466,-0.07129995128262956,26107667.770428903,0.05391578118850846,0.6109143381870654,0.3351698806244261,67,18,73.74721931334652
D_long_riskoff_profit_target,D: Long-off target,off_40_target_0.30,"{""minimum_preceding_riskoff_days"": 40, ""profit_target_from_breakout_close"": 0.3}",0,0.3909963776294818,0.41304173682336165,0.4006362408408273,0.44094643506244474,-0.5272986814342191,-0.2310135761888068,0.4575468944335357,-0.07497850818989038,21941578.213816088,0.13000131181949365,0.5349599895054441,0.3350386986750623,65,18,71.76353659186469
D_long_riskoff_profit_target,D: Long-off target,off_40_target_0.30,"{""minimum_preceding_riskoff_days"": 40, ""profit_target_from_breakout_close"": 0.3}",1,0.38985305608230925,0.42222741588212354,0.41140038017472835,0.4439804011674836,-0.5940318925030559,-0.37620087859235984,0.42144168635426893,-0.07129995128262956,21401839.896392774,0.13000131181949365,0.5348288075560803,0.3351698806244261,65,18,71.74721931334652
E_relative_strength,E: Relative strength,relative_10_0.00,"{""relative_return_threshold"": 0.0, ""tecl_minus_tqqq_lookback_days"": 10}",0,0.2943186752777951,0.3345527532802468,0.31188065527216935,0.4426396563756834,-0.6083452534746687,-0.2313429975636444,0.3863753646167898,-0.07104717225258395,2475532.0911195194,0.2956841138659321,0.3692771874590056,0.3350386986750623,873,423,879.7635365918647
E_relative_strength,E: Relative strength,relative_10_0.00,"{""relative_return_threshold"": 0.0, ""tecl_minus_tqqq_lookback_days"": 10}",1,0.32754170648734005,0.3574826309595527,0.33677916825070575,0.44480561839436583,-0.5932861769184017,-0.3707790080622211,0.33678551504917076,-0.08886596607303188,5334127.3946949635,0.2955529319165683,0.3692771874590056,0.3351698806244261,873,423,879.7472193133465
E_relative_strength,E: Relative strength,relative_10_0.02,"{""relative_return_threshold"": 0.02, ""tecl_minus_tqqq_lookback_days"": 10}",0,0.35103267180017506,0.37968681680641403,0.3673008491766423,0.44458288597293205,-0.5160196365432872,-0.2310135761888068,0.4434361293722102,-0.0783724248005152,9073999.852911042,0.12094975731339368,0.5440115440115441,0.3350386986750623,553,255,559.7635365918647
E_relative_strength,E: Relative strength,relative_10_0.02,"{""relative_return_threshold"": 0.02, ""tecl_minus_tqqq_lookback_days"": 10}",1,0.3692059855669265,0.36775333650401887,0.3552022455277404,0.4470908210253624,-0.5822062644368067,-0.3707790080622211,0.3694122703880742,-0.053035311924686024,13600868.393084142,0.12081857536402991,0.5440115440115441,0.3351698806244261,553,255,559.7472193133465
E_relative_strength,E: Relative strength,relative_10_0.05,"{""relative_return_threshold"": 0.05, ""tecl_minus_tqqq_lookback_days"": 10}",0,0.3914535885702759,0.38761914119747565,0.37622034020147566,0.44456524644148515,-0.5336516341117739,-0.2310135761888068,0.32264021016103506,-0.07010810841501958,22161082.02269676,0.022563295290568018,0.6423980060343697,0.3350386986750623,188,69,194.76353659186472
E_relative_strength,E: Relative strength,relative_10_0.05,"{""relative_return_threshold"": 0.05, ""tecl_minus_tqqq_lookback_days"": 10}",1,0.40056145921596586,0.40051890301843973,0.3925686197203826,0.4476337410663565,-0.5995837886766099,-0.3707790080622211,0.31339607317441387,-0.057110154825901316,27003156.069692075,0.02243211334120425,0.6423980060343697,0.3351698806244261,188,69,194.74721931334653
E_relative_strength,E: Relative strength,relative_20_0.00,"{""relative_return_threshold"": 0.0, ""tecl_minus_tqqq_lookback_days"": 20}",0,0.2968942285036278,0.31673469650163644,0.29272719707627703,0.4439813963716661,-0.6063042906213116,-0.2310135761888068,0.40541412814837674,-0.0898260229068707,2629170.0029294486,0.27744982290436837,0.3875114784205693,0.3350386986750623,676,323,682.7635365918647
E_relative_strength,E: Relative strength,relative_20_0.00,"{""relative_return_threshold"": 0.0, ""tecl_minus_tqqq_lookback_days"": 20}",1,0.33739343767231,0.36002768861264767,0.34092751970391766,0.4457452182063539,-0.5884213460240738,-0.3707790080622211,0.42340070702769084,-0.08698397149381665,6673033.106827415,0.2773186409550046,0.3875114784205693,0.3351698806244261,676,323,682.7472193133465
E_relative_strength,E: Relative strength,relative_20_0.02,"{""relative_return_threshold"": 0.02, ""tecl_minus_tqqq_lookback_days"": 20}",0,0.3490278535143274,0.36455383836714517,0.34456053321495506,0.4440984012693214,-0.5332896694905946,-0.2310135761888068,0.49963544894776324,-0.06625642796996023,8674891.140657676,0.13879050242686605,0.5261707988980716,0.3350386986750623,482,222,488.7635365918647
E_relative_strength,E: Relative strength,relative_20_0.02,"{""relative_return_threshold"": 0.02, ""tecl_minus_tqqq_lookback_days"": 20}",1,0.36035075976310416,0.36755224479543824,0.35322187504354563,0.4467127924406232,-0.5978843380140768,-0.3707790080622211,0.5067564538515519,-0.03574804942289922,11174147.331064165,0.1386593204775023,0.5261707988980716,0.3351698806244261,482,222,488.74721931334653
E_relative_strength,E: Relative strength,relative_20_0.05,"{""relative_return_threshold"": 0.05, ""tecl_minus_tqqq_lookback_days"": 20}",0,0.40028685855478896,0.38870993871002746,0.3761836839843138,0.4445411853153464,-0.538800446071122,-0.2310135761888068,0.40155611319106455,-0.05133791187827408,26843252.168806463,0.03594385412567231,0.6290174471992653,0.3350386986750623,222,86,228.76353659186472
E_relative_strength,E: Relative strength,relative_20_0.05,"{""relative_return_threshold"": 0.05, ""tecl_minus_tqqq_lookback_days"": 20}",1,0.39972184747834794,0.4043303297238161,0.3980206814033742,0.44656034380859805,-0.6034734817077725,-0.3707790080622211,0.3527650465661607,-0.06697370693087912,26517113.286196966,0.03581267217630854,0.6290174471992653,0.3351698806244261,222,86,228.74721931334653
E_relative_strength,E: Relative strength,relative_40_0.00,"{""relative_return_threshold"": 0.0, ""tecl_minus_tqqq_lookback_days"": 40}",0,0.35310833741099446,0.3661422283841058,0.346409229210789,0.4477316689362634,-0.5601065341951692,-0.2310135761888068,0.36629378460645134,-0.08868432317080954,9505901.547593381,0.25567361930998295,0.40928768201495475,0.3350386986750623,444,203,450.7635365918647
E_relative_strength,E: Relative strength,relative_40_0.00,"{""relative_return_threshold"": 0.0, ""tecl_minus_tqqq_lookback_days"": 40}",1,0.36302121661345654,0.38114903016747426,0.3597375770366482,0.4498872025265674,-0.6077563384837505,-0.3707790080622211,0.3307873909722556,-0.06654045484274362,11858023.615229294,0.25554243736061916,0.40928768201495475,0.3351698806244261,444,203,450.74721931334653
E_relative_strength,E: Relative strength,relative_40_0.02,"{""relative_return_threshold"": 0.02, ""tecl_minus_tqqq_lookback_days"": 40}",0,0.3564629304291993,0.3755047301921963,0.3631252429316052,0.4471195639799014,-0.5581885996807231,-0.2310135761888068,0.44208333967418745,-0.05695223411867467,10246260.2997468,0.1584677948314312,0.5064935064935064,0.3350386986750623,380,169,386.7635365918647
E_relative_strength,E: Relative strength,relative_40_0.02,"{""relative_return_threshold"": 0.02, ""tecl_minus_tqqq_lookback_days"": 40}",1,0.3741240677520372,0.3848107152080815,0.37314805450108146,0.4500132303241021,-0.6101164699078192,-0.3707790080622211,0.3515107253105081,-0.08219030931085869,15161148.474755589,0.15833661288206743,0.5064935064935064,0.3351698806244261,380,169,386.74721931334653
E_relative_strength,E: Relative strength,relative_40_0.05,"{""relative_return_threshold"": 0.05, ""tecl_minus_tqqq_lookback_days"": 40}",0,0.37782383998323965,0.37705346736873735,0.3662092558899006,0.44608674562391704,-0.540581535330196,-0.2310135761888068,0.37354621036438385,-0.10075956711317835,16447601.71715458,0.06650924832743015,0.5984520529975076,0.3350386986750623,256,105,262.7635365918647
E_relative_strength,E: Relative strength,relative_40_0.05,"{""relative_return_threshold"": 0.05, ""tecl_minus_tqqq_lookback_days"": 40}",1,0.4022894402103021,0.39575659046744427,0.3841195017209944,0.4496227135047157,-0.6011629806046214,-0.3707790080622211,0.39951134504845887,-0.09439379945418647,28030723.376317468,0.06637806637806638,0.5984520529975076,0.3351698806244261,255,104,261.74721931334653
E_relative_strength,E: Relative strength,relative_60_0.00,"{""relative_return_threshold"": 0.0, ""tecl_minus_tqqq_lookback_days"": 60}",0,0.34710816459785976,0.36188320381969064,0.3423456623970289,0.44910768740047685,-0.560844585251346,-0.2310135761888068,0.4596168340393849,-0.07066939998028243,8308671.022660036,0.2548865276138003,0.4100747737111374,0.3350386986750623,396,180,402.7635365918647
E_relative_strength,E: Relative strength,relative_60_0.00,"{""relative_return_threshold"": 0.0, ""tecl_minus_tqqq_lookback_days"": 60}",1,0.3573659419593871,0.38393740280677635,0.3650874128823016,0.45179668582395255,-0.6398963250903767,-0.3707790080622211,0.46159515192299816,-0.07129995128262956,10454892.95945862,0.2547553456644366,0.4100747737111374,0.3351698806244261,395,179,401.74721931334653
E_relative_strength,E: Relative strength,relative_60_0.02,"{""relative_return_threshold"": 0.02, ""tecl_minus_tqqq_lookback_days"": 60}",0,0.3490830619056906,0.36226067488837765,0.34728088922346645,0.4484419161952962,-0.5733205940498709,-0.2310135761888068,0.32909547748895296,-0.07066939998028243,8685650.839690592,0.17801390528663255,0.4869473960383051,0.3350386986750623,370,165,376.76353659186475
E_relative_strength,E: Relative strength,relative_60_0.02,"{""relative_return_threshold"": 0.02, ""tecl_minus_tqqq_lookback_days"": 60}",1,0.3654474050951697,0.3820604261277276,0.36537784625801684,0.45134758448685747,-0.6317618994641168,-0.3707790080622211,0.37042234313033706,-0.07129995128262956,12514303.809903204,0.1778827233372688,0.4869473960383051,0.3351698806244261,369,164,375.74721931334653
E_relative_strength,E: Relative strength,relative_60_0.05,"{""relative_return_threshold"": 0.05, ""tecl_minus_tqqq_lookback_days"": 60}",0,0.3672421462527391,0.36426094113153495,0.3502898007581894,0.44725493805600847,-0.5588016233618616,-0.2310135761888068,0.1459733705356112,-0.07497850818989038,13022238.653696734,0.08776072412436049,0.5772005772005772,0.3350386986750623,242,100,248.76353659186472
E_relative_strength,E: Relative strength,relative_60_0.05,"{""relative_return_threshold"": 0.05, ""tecl_minus_tqqq_lookback_days"": 60}",1,0.3700352741212398,0.3733784758570493,0.3648783882306328,0.45022093542685643,-0.6175454028409249,-0.3707790080622211,0.17859069397546667,-0.07129995128262956,13852608.368296817,0.08776072412436049,0.5770693952512135,0.3351698806244261,242,100,248.74721931334653
