series,cagr,annualized_vol,max_drawdown,final_multiple,sharpe_like,trade_count,below_regime_share,wait_regime_share,signal_window,below_entry_drawdown_pct
strategy,17.355410828146553,0.4689693740194176,-0.2792726274720462,3.99158348608983e+30,37.007556974131866,1638,0.0,0.42110437489759134,5,58.0
strategy,17.355410828146553,0.4689693740194176,-0.2792726274720462,3.99158348608983e+30,37.007556974131866,1638,0.0,0.42110437489759134,5,58.1
strategy,17.355410828146553,0.4689693740194176,-0.2792726274720462,3.99158348608983e+30,37.007556974131866,1638,0.0,0.42110437489759134,5,58.2
strategy,17.355410828146553,0.4689693740194176,-0.2792726274720462,3.99158348608983e+30,37.007556974131866,1638,0.0,0.42110437489759134,5,58.3
strategy,17.355410828146553,0.4689693740194176,-0.2792726274720462,3.99158348608983e+30,37.007556974131866,1638,0.0,0.42110437489759134,5,58.4
strategy,17.355410828146553,0.4689693740194176,-0.2792726274720462,3.99158348608983e+30,37.007556974131866,1638,0.0,0.42110437489759134,5,58.5
strategy,17.355410828146553,0.4689693740194176,-0.2792726274720462,3.99158348608983e+30,37.007556974131866,1638,0.0,0.42110437489759134,5,58.6
strategy,17.355410828146553,0.4689693740194176,-0.2792726274720462,3.99158348608983e+30,37.007556974131866,1638,0.0,0.42110437489759134,5,58.7
strategy,17.355410828146553,0.4689693740194176,-0.2792726274720462,3.99158348608983e+30,37.007556974131866,1638,0.0,0.42110437489759134,5,58.8
strategy,17.355410828146553,0.4689693740194176,-0.2792726274720462,3.99158348608983e+30,37.007556974131866,1638,0.0,0.42110437489759134,5,58.9
strategy,17.355410828146553,0.4689693740194176,-0.2792726274720462,3.99158348608983e+30,37.007556974131866,1638,0.0,0.42110437489759134,5,59.0
strategy,17.355410828146553,0.4689693740194176,-0.2792726274720462,3.99158348608983e+30,37.007556974131866,1638,0.0,0.42110437489759134,5,59.1
strategy,17.355410828146553,0.4689693740194176,-0.2792726274720462,3.99158348608983e+30,37.007556974131866,1638,0.0,0.42110437489759134,5,59.2
strategy,17.355410828146553,0.4689693740194176,-0.2792726274720462,3.99158348608983e+30,37.007556974131866,1638,0.0,0.42110437489759134,5,59.3
strategy,17.355410828146553,0.4689693740194176,-0.2792726274720462,3.99158348608983e+30,37.007556974131866,1638,0.0,0.42110437489759134,5,59.4
strategy,17.355410828146553,0.4689693740194176,-0.2792726274720462,3.99158348608983e+30,37.007556974131866,1638,0.0,0.42110437489759134,5,59.5
strategy,17.355410828146553,0.4689693740194176,-0.2792726274720462,3.99158348608983e+30,37.007556974131866,1638,0.0,0.42110437489759134,5,59.6
strategy,17.355410828146553,0.4689693740194176,-0.2792726274720462,3.99158348608983e+30,37.007556974131866,1638,0.0,0.42110437489759134,5,59.7
strategy,17.355410828146553,0.4689693740194176,-0.2792726274720462,3.99158348608983e+30,37.007556974131866,1638,0.0,0.42110437489759134,5,59.8
strategy,17.355410828146553,0.4689693740194176,-0.2792726274720462,3.99158348608983e+30,37.007556974131866,1638,0.0,0.42110437489759134,5,59.9
strategy,17.355410828146553,0.4689693740194176,-0.2792726274720462,3.99158348608983e+30,37.007556974131866,1638,0.0,0.42110437489759134,5,60.0
strategy,14.373240747991863,0.4698610382228914,-0.27927262747204606,5.394705879341686e+28,30.59040775620456,1482,0.0,0.4133071124221567,6,58.0
strategy,14.373240747991863,0.4698610382228914,-0.27927262747204606,5.394705879341686e+28,30.59040775620456,1482,0.0,0.4133071124221567,6,58.1
strategy,14.373240747991863,0.4698610382228914,-0.27927262747204606,5.394705879341686e+28,30.59040775620456,1482,0.0,0.4133071124221567,6,58.2
strategy,14.373240747991863,0.4698610382228914,-0.27927262747204606,5.394705879341686e+28,30.59040775620456,1482,0.0,0.4133071124221567,6,58.3
strategy,14.373240747991863,0.4698610382228914,-0.27927262747204606,5.394705879341686e+28,30.59040775620456,1482,0.0,0.4133071124221567,6,58.4
strategy,14.373240747991863,0.4698610382228914,-0.27927262747204606,5.394705879341686e+28,30.59040775620456,1482,0.0,0.4133071124221567,6,58.5
strategy,14.373240747991863,0.4698610382228914,-0.27927262747204606,5.394705879341686e+28,30.59040775620456,1482,0.0,0.4133071124221567,6,58.6
strategy,14.373240747991863,0.4698610382228914,-0.27927262747204606,5.394705879341686e+28,30.59040775620456,1482,0.0,0.4133071124221567,6,58.7
strategy,14.373240747991863,0.4698610382228914,-0.27927262747204606,5.394705879341686e+28,30.59040775620456,1482,0.0,0.4133071124221567,6,58.8
strategy,14.373240747991863,0.4698610382228914,-0.27927262747204606,5.394705879341686e+28,30.59040775620456,1482,0.0,0.4133071124221567,6,58.9
strategy,14.373240747991863,0.4698610382228914,-0.27927262747204606,5.394705879341686e+28,30.59040775620456,1482,0.0,0.4133071124221567,6,59.0
strategy,14.373240747991863,0.4698610382228914,-0.27927262747204606,5.394705879341686e+28,30.59040775620456,1482,0.0,0.4133071124221567,6,59.1
strategy,14.373240747991863,0.4698610382228914,-0.27927262747204606,5.394705879341686e+28,30.59040775620456,1482,0.0,0.4133071124221567,6,59.2
strategy,14.373240747991863,0.4698610382228914,-0.27927262747204606,5.394705879341686e+28,30.59040775620456,1482,0.0,0.4133071124221567,6,59.3
strategy,14.373240747991863,0.4698610382228914,-0.27927262747204606,5.394705879341686e+28,30.59040775620456,1482,0.0,0.4133071124221567,6,59.4
strategy,14.373240747991863,0.4698610382228914,-0.27927262747204606,5.394705879341686e+28,30.59040775620456,1482,0.0,0.4133071124221567,6,59.5
strategy,14.373240747991863,0.4698610382228914,-0.27927262747204606,5.394705879341686e+28,30.59040775620456,1482,0.0,0.4133071124221567,6,59.6
strategy,14.373240747991863,0.4698610382228914,-0.27927262747204606,5.394705879341686e+28,30.59040775620456,1482,0.0,0.4133071124221567,6,59.7
strategy,14.373240747991863,0.4698610382228914,-0.27927262747204606,5.394705879341686e+28,30.59040775620456,1482,0.0,0.4133071124221567,6,59.8
strategy,14.373240747991863,0.4698610382228914,-0.27927262747204606,5.394705879341686e+28,30.59040775620456,1482,0.0,0.4133071124221567,6,59.9
strategy,14.373240747991863,0.4698610382228914,-0.27927262747204606,5.394705879341686e+28,30.59040775620456,1482,0.0,0.4133071124221567,6,60.0
strategy,11.803775924714172,0.465683861265986,-0.2792726274720462,6.37693356666214e+26,25.34718702216776,1346,0.0,0.4104245205703983,7,58.0
strategy,11.803775924714172,0.465683861265986,-0.2792726274720462,6.37693356666214e+26,25.34718702216776,1346,0.0,0.4104245205703983,7,58.1
strategy,11.803775924714172,0.465683861265986,-0.2792726274720462,6.37693356666214e+26,25.34718702216776,1346,0.0,0.4104245205703983,7,58.2
strategy,11.803775924714172,0.465683861265986,-0.2792726274720462,6.37693356666214e+26,25.34718702216776,1346,0.0,0.4104245205703983,7,58.3
strategy,11.803775924714172,0.465683861265986,-0.2792726274720462,6.37693356666214e+26,25.34718702216776,1346,0.0,0.4104245205703983,7,58.4
strategy,11.803775924714172,0.465683861265986,-0.2792726274720462,6.37693356666214e+26,25.34718702216776,1346,0.0,0.4104245205703983,7,58.5
strategy,11.803775924714172,0.465683861265986,-0.2792726274720462,6.37693356666214e+26,25.34718702216776,1346,0.0,0.4104245205703983,7,58.6
strategy,11.803775924714172,0.465683861265986,-0.2792726274720462,6.37693356666214e+26,25.34718702216776,1346,0.0,0.4104245205703983,7,58.7
strategy,11.803775924714172,0.465683861265986,-0.2792726274720462,6.37693356666214e+26,25.34718702216776,1346,0.0,0.4104245205703983,7,58.8
strategy,11.803775924714172,0.465683861265986,-0.2792726274720462,6.37693356666214e+26,25.34718702216776,1346,0.0,0.4104245205703983,7,58.9
strategy,11.803775924714172,0.465683861265986,-0.2792726274720462,6.37693356666214e+26,25.34718702216776,1346,0.0,0.4104245205703983,7,59.0
strategy,11.803775924714172,0.465683861265986,-0.2792726274720462,6.37693356666214e+26,25.34718702216776,1346,0.0,0.4104245205703983,7,59.1
strategy,11.803775924714172,0.465683861265986,-0.2792726274720462,6.37693356666214e+26,25.34718702216776,1346,0.0,0.4104245205703983,7,59.2
strategy,11.803775924714172,0.465683861265986,-0.2792726274720462,6.37693356666214e+26,25.34718702216776,1346,0.0,0.4104245205703983,7,59.3
strategy,11.803775924714172,0.465683861265986,-0.2792726274720462,6.37693356666214e+26,25.34718702216776,1346,0.0,0.4104245205703983,7,59.4
strategy,11.803775924714172,0.465683861265986,-0.2792726274720462,6.37693356666214e+26,25.34718702216776,1346,0.0,0.4104245205703983,7,59.5
strategy,11.803775924714172,0.465683861265986,-0.2792726274720462,6.37693356666214e+26,25.34718702216776,1346,0.0,0.4104245205703983,7,59.6
strategy,11.803775924714172,0.465683861265986,-0.2792726274720462,6.37693356666214e+26,25.34718702216776,1346,0.0,0.4104245205703983,7,59.7
strategy,11.803775924714172,0.465683861265986,-0.2792726274720462,6.37693356666214e+26,25.34718702216776,1346,0.0,0.4104245205703983,7,59.8
strategy,11.803775924714172,0.465683861265986,-0.2792726274720462,6.37693356666214e+26,25.34718702216776,1346,0.0,0.4104245205703983,7,59.9
strategy,11.803775924714172,0.465683861265986,-0.2792726274720462,6.37693356666214e+26,25.34718702216776,1346,0.0,0.4104245205703983,7,60.0
strategy,9.515327690649794,0.462848384173014,-0.2985755383571034,5.377060745896595e+24,20.558195763502848,1264,0.0,0.40442622950819673,8,58.0
strategy,9.515327690649794,0.462848384173014,-0.2985755383571034,5.377060745896595e+24,20.558195763502848,1264,0.0,0.40442622950819673,8,58.1
strategy,9.515327690649794,0.462848384173014,-0.2985755383571034,5.377060745896595e+24,20.558195763502848,1264,0.0,0.40442622950819673,8,58.2
strategy,9.515327690649794,0.462848384173014,-0.2985755383571034,5.377060745896595e+24,20.558195763502848,1264,0.0,0.40442622950819673,8,58.3
strategy,9.515327690649794,0.462848384173014,-0.2985755383571034,5.377060745896595e+24,20.558195763502848,1264,0.0,0.40442622950819673,8,58.4
strategy,9.515327690649794,0.462848384173014,-0.2985755383571034,5.377060745896595e+24,20.558195763502848,1264,0.0,0.40442622950819673,8,58.5
strategy,9.515327690649794,0.462848384173014,-0.2985755383571034,5.377060745896595e+24,20.558195763502848,1264,0.0,0.40442622950819673,8,58.6
strategy,9.515327690649794,0.462848384173014,-0.2985755383571034,5.377060745896595e+24,20.558195763502848,1264,0.0,0.40442622950819673,8,58.7
strategy,9.515327690649794,0.462848384173014,-0.2985755383571034,5.377060745896595e+24,20.558195763502848,1264,0.0,0.40442622950819673,8,58.8
strategy,9.515327690649794,0.462848384173014,-0.2985755383571034,5.377060745896595e+24,20.558195763502848,1264,0.0,0.40442622950819673,8,58.9
strategy,9.515327690649794,0.462848384173014,-0.2985755383571034,5.377060745896595e+24,20.558195763502848,1264,0.0,0.40442622950819673,8,59.0
strategy,9.515327690649794,0.462848384173014,-0.2985755383571034,5.377060745896595e+24,20.558195763502848,1264,0.0,0.40442622950819673,8,59.1
strategy,9.515327690649794,0.462848384173014,-0.2985755383571034,5.377060745896595e+24,20.558195763502848,1264,0.0,0.40442622950819673,8,59.2
strategy,9.515327690649794,0.462848384173014,-0.2985755383571034,5.377060745896595e+24,20.558195763502848,1264,0.0,0.40442622950819673,8,59.3
strategy,9.515327690649794,0.462848384173014,-0.2985755383571034,5.377060745896595e+24,20.558195763502848,1264,0.0,0.40442622950819673,8,59.4
strategy,9.515327690649794,0.462848384173014,-0.2985755383571034,5.377060745896595e+24,20.558195763502848,1264,0.0,0.40442622950819673,8,59.5
strategy,9.515327690649794,0.462848384173014,-0.2985755383571034,5.377060745896595e+24,20.558195763502848,1264,0.0,0.40442622950819673,8,59.6
strategy,9.515327690649794,0.462848384173014,-0.2985755383571034,5.377060745896595e+24,20.558195763502848,1264,0.0,0.40442622950819673,8,59.7
strategy,9.515327690649794,0.462848384173014,-0.2985755383571034,5.377060745896595e+24,20.558195763502848,1264,0.0,0.40442622950819673,8,59.8
strategy,9.515327690649794,0.462848384173014,-0.2985755383571034,5.377060745896595e+24,20.558195763502848,1264,0.0,0.40442622950819673,8,59.9
strategy,9.515327690649794,0.462848384173014,-0.2985755383571034,5.377060745896595e+24,20.558195763502848,1264,0.0,0.40442622950819673,8,60.0
strategy,8.519942123449768,0.4649593967781932,-0.2792726274720462,4.8017204030280435e+23,18.3240562132658,1182,0.0,0.3995737006066568,9,58.0
strategy,8.519942123449768,0.4649593967781932,-0.2792726274720462,4.8017204030280435e+23,18.3240562132658,1182,0.0,0.3995737006066568,9,58.1
strategy,8.519942123449768,0.4649593967781932,-0.2792726274720462,4.8017204030280435e+23,18.3240562132658,1182,0.0,0.3995737006066568,9,58.2
strategy,8.519942123449768,0.4649593967781932,-0.2792726274720462,4.8017204030280435e+23,18.3240562132658,1182,0.0,0.3995737006066568,9,58.3
strategy,8.519942123449768,0.4649593967781932,-0.2792726274720462,4.8017204030280435e+23,18.3240562132658,1182,0.0,0.3995737006066568,9,58.4
strategy,8.519942123449768,0.4649593967781932,-0.2792726274720462,4.8017204030280435e+23,18.3240562132658,1182,0.0,0.3995737006066568,9,58.5
strategy,8.519942123449768,0.4649593967781932,-0.2792726274720462,4.8017204030280435e+23,18.3240562132658,1182,0.0,0.3995737006066568,9,58.6
strategy,8.519942123449768,0.4649593967781932,-0.2792726274720462,4.8017204030280435e+23,18.3240562132658,1182,0.0,0.3995737006066568,9,58.7
strategy,8.519942123449768,0.4649593967781932,-0.2792726274720462,4.8017204030280435e+23,18.3240562132658,1182,0.0,0.3995737006066568,9,58.8
strategy,8.519942123449768,0.4649593967781932,-0.2792726274720462,4.8017204030280435e+23,18.3240562132658,1182,0.0,0.3995737006066568,9,58.9
strategy,8.519942123449768,0.4649593967781932,-0.2792726274720462,4.8017204030280435e+23,18.3240562132658,1182,0.0,0.3995737006066568,9,59.0
strategy,8.519942123449768,0.4649593967781932,-0.2792726274720462,4.8017204030280435e+23,18.3240562132658,1182,0.0,0.3995737006066568,9,59.1
strategy,8.519942123449768,0.4649593967781932,-0.2792726274720462,4.8017204030280435e+23,18.3240562132658,1182,0.0,0.3995737006066568,9,59.2
strategy,8.519942123449768,0.4649593967781932,-0.2792726274720462,4.8017204030280435e+23,18.3240562132658,1182,0.0,0.3995737006066568,9,59.3
strategy,8.519942123449768,0.4649593967781932,-0.2792726274720462,4.8017204030280435e+23,18.3240562132658,1182,0.0,0.3995737006066568,9,59.4
strategy,8.519942123449768,0.4649593967781932,-0.2792726274720462,4.8017204030280435e+23,18.3240562132658,1182,0.0,0.3995737006066568,9,59.5
strategy,8.519942123449768,0.4649593967781932,-0.2792726274720462,4.8017204030280435e+23,18.3240562132658,1182,0.0,0.3995737006066568,9,59.6
strategy,8.519942123449768,0.4649593967781932,-0.2792726274720462,4.8017204030280435e+23,18.3240562132658,1182,0.0,0.3995737006066568,9,59.7
strategy,8.519942123449768,0.4649593967781932,-0.2792726274720462,4.8017204030280435e+23,18.3240562132658,1182,0.0,0.3995737006066568,9,59.8
strategy,8.519942123449768,0.4649593967781932,-0.2792726274720462,4.8017204030280435e+23,18.3240562132658,1182,0.0,0.3995737006066568,9,59.9
strategy,8.519942123449768,0.4649593967781932,-0.2792726274720462,4.8017204030280435e+23,18.3240562132658,1182,0.0,0.3995737006066568,9,60.0
strategy,7.65634863070377,0.47941072955014125,-0.5063676722225288,4.767528214552367e+22,15.970332240765998,1105,0.0014758937356510332,0.3891439816333224,10,58.0
strategy,7.65634863070377,0.47941072955014125,-0.5063676722225288,4.767528214552367e+22,15.970332240765998,1105,0.0014758937356510332,0.3891439816333224,10,58.1
strategy,7.65634863070377,0.47941072955014125,-0.5063676722225288,4.767528214552367e+22,15.970332240765998,1105,0.0014758937356510332,0.3891439816333224,10,58.2
strategy,7.65634863070377,0.47941072955014125,-0.5063676722225288,4.767528214552367e+22,15.970332240765998,1105,0.0014758937356510332,0.3891439816333224,10,58.3
strategy,7.65634863070377,0.47941072955014125,-0.5063676722225288,4.767528214552367e+22,15.970332240765998,1105,0.0014758937356510332,0.3891439816333224,10,58.4
strategy,7.65634863070377,0.47941072955014125,-0.5063676722225288,4.767528214552367e+22,15.970332240765998,1105,0.0014758937356510332,0.3891439816333224,10,58.5
strategy,7.65634863070377,0.47941072955014125,-0.5063676722225288,4.767528214552367e+22,15.970332240765998,1105,0.0014758937356510332,0.3891439816333224,10,58.6
strategy,7.665458410879387,0.47312327991549324,-0.49364431407359555,4.890411108450326e+22,16.20182040555804,1105,0.0011479173499508036,0.3894719580190226,10,58.7
strategy,7.665458410879387,0.47312327991549324,-0.49364431407359555,4.890411108450326e+22,16.20182040555804,1105,0.0011479173499508036,0.3894719580190226,10,58.8
strategy,7.665458410879387,0.47312327991549324,-0.49364431407359555,4.890411108450326e+22,16.20182040555804,1105,0.0011479173499508036,0.3894719580190226,10,58.9
strategy,7.665458410879387,0.47312327991549324,-0.49364431407359555,4.890411108450326e+22,16.20182040555804,1105,0.0011479173499508036,0.3894719580190226,10,59.0
strategy,7.665458410879387,0.47312327991549324,-0.49364431407359555,4.890411108450326e+22,16.20182040555804,1105,0.0011479173499508036,0.3894719580190226,10,59.1
strategy,7.665458410879387,0.47312327991549324,-0.49364431407359555,4.890411108450326e+22,16.20182040555804,1105,0.0011479173499508036,0.3894719580190226,10,59.2
strategy,7.665458410879387,0.47312327991549324,-0.49364431407359555,4.890411108450326e+22,16.20182040555804,1105,0.0011479173499508036,0.3894719580190226,10,59.3
strategy,7.665458410879387,0.47312327991549324,-0.49364431407359555,4.890411108450326e+22,16.20182040555804,1105,0.0011479173499508036,0.3894719580190226,10,59.4
strategy,7.665458410879387,0.47312327991549324,-0.49364431407359555,4.890411108450326e+22,16.20182040555804,1105,0.0011479173499508036,0.3894719580190226,10,59.5
strategy,7.665458410879387,0.47312327991549324,-0.49364431407359555,4.890411108450326e+22,16.20182040555804,1105,0.0011479173499508036,0.3894719580190226,10,59.6
strategy,7.665458410879387,0.47312327991549324,-0.49364431407359555,4.890411108450326e+22,16.20182040555804,1105,0.0011479173499508036,0.3894719580190226,10,59.7
strategy,7.665458410879387,0.47312327991549324,-0.49364431407359555,4.890411108450326e+22,16.20182040555804,1105,0.0011479173499508036,0.3894719580190226,10,59.8
strategy,7.665458410879387,0.47312327991549324,-0.49364431407359555,4.890411108450326e+22,16.20182040555804,1105,0.0011479173499508036,0.3894719580190226,10,59.9
strategy,7.665458410879387,0.47312327991549324,-0.49364431407359555,4.890411108450326e+22,16.20182040555804,1105,0.0011479173499508036,0.3894719580190226,10,60.0
strategy,7.092949322331856,0.47577864115111956,-0.5063676722225288,9.279753254974685e+21,14.90808688925351,1049,0.0014761358044940135,0.3878956864031491,11,58.0
strategy,7.092949322331856,0.47577864115111956,-0.5063676722225288,9.279753254974685e+21,14.90808688925351,1049,0.0014761358044940135,0.3878956864031491,11,58.1
strategy,7.092949322331856,0.47577864115111956,-0.5063676722225288,9.279753254974685e+21,14.90808688925351,1049,0.0014761358044940135,0.3878956864031491,11,58.2
strategy,7.092949322331856,0.47577864115111956,-0.5063676722225288,9.279753254974685e+21,14.90808688925351,1049,0.0014761358044940135,0.3878956864031491,11,58.3
strategy,7.092949322331856,0.47577864115111956,-0.5063676722225288,9.279753254974685e+21,14.90808688925351,1049,0.0014761358044940135,0.3878956864031491,11,58.4
strategy,7.092949322331856,0.47577864115111956,-0.5063676722225288,9.279753254974685e+21,14.90808688925351,1049,0.0014761358044940135,0.3878956864031491,11,58.5
strategy,7.092949322331856,0.47577864115111956,-0.5063676722225288,9.279753254974685e+21,14.90808688925351,1049,0.0014761358044940135,0.3878956864031491,11,58.6
strategy,7.101467589421306,0.4694402700920402,-0.49364431407359566,9.518938611266838e+21,15.12752109662208,1049,0.001148105625717566,0.38822371658192556,11,58.7
strategy,7.101467589421306,0.4694402700920402,-0.49364431407359566,9.518938611266838e+21,15.12752109662208,1049,0.001148105625717566,0.38822371658192556,11,58.8
strategy,7.101467589421306,0.4694402700920402,-0.49364431407359566,9.518938611266838e+21,15.12752109662208,1049,0.001148105625717566,0.38822371658192556,11,58.9
strategy,7.101467589421306,0.4694402700920402,-0.49364431407359566,9.518938611266838e+21,15.12752109662208,1049,0.001148105625717566,0.38822371658192556,11,59.0
strategy,7.101467589421306,0.4694402700920402,-0.49364431407359566,9.518938611266838e+21,15.12752109662208,1049,0.001148105625717566,0.38822371658192556,11,59.1
strategy,7.101467589421306,0.4694402700920402,-0.49364431407359566,9.518938611266838e+21,15.12752109662208,1049,0.001148105625717566,0.38822371658192556,11,59.2
strategy,7.101467589421306,0.4694402700920402,-0.49364431407359566,9.518938611266838e+21,15.12752109662208,1049,0.001148105625717566,0.38822371658192556,11,59.3
strategy,7.101467589421306,0.4694402700920402,-0.49364431407359566,9.518938611266838e+21,15.12752109662208,1049,0.001148105625717566,0.38822371658192556,11,59.4
strategy,7.101467589421306,0.4694402700920402,-0.49364431407359566,9.518938611266838e+21,15.12752109662208,1049,0.001148105625717566,0.38822371658192556,11,59.5
strategy,7.101467589421306,0.4694402700920402,-0.49364431407359566,9.518938611266838e+21,15.12752109662208,1049,0.001148105625717566,0.38822371658192556,11,59.6
strategy,7.101467589421306,0.4694402700920402,-0.49364431407359566,9.518938611266838e+21,15.12752109662208,1049,0.001148105625717566,0.38822371658192556,11,59.7
strategy,7.101467589421306,0.4694402700920402,-0.49364431407359566,9.518938611266838e+21,15.12752109662208,1049,0.001148105625717566,0.38822371658192556,11,59.8
strategy,7.101467589421306,0.4694402700920402,-0.49364431407359566,9.518938611266838e+21,15.12752109662208,1049,0.001148105625717566,0.38822371658192556,11,59.9
strategy,7.101467589421306,0.4694402700920402,-0.49364431407359566,9.518938611266838e+21,15.12752109662208,1049,0.001148105625717566,0.38822371658192556,11,60.0
strategy,6.297776223894266,0.4712048470713136,-0.506367672222529,7.543361130917898e+20,13.365261972657809,981,0.0016404199475065617,0.3851706036745407,12,58.0
strategy,6.297776223894266,0.4712048470713136,-0.506367672222529,7.543361130917898e+20,13.365261972657809,981,0.0016404199475065617,0.3851706036745407,12,58.1
strategy,6.297776223894266,0.4712048470713136,-0.506367672222529,7.543361130917898e+20,13.365261972657809,981,0.0016404199475065617,0.3851706036745407,12,58.2
strategy,6.297776223894266,0.4712048470713136,-0.506367672222529,7.543361130917898e+20,13.365261972657809,981,0.0016404199475065617,0.3851706036745407,12,58.3
strategy,6.297776223894266,0.4712048470713136,-0.506367672222529,7.543361130917898e+20,13.365261972657809,981,0.0016404199475065617,0.3851706036745407,12,58.4
strategy,6.297776223894266,0.4712048470713136,-0.506367672222529,7.543361130917898e+20,13.365261972657809,981,0.0016404199475065617,0.3851706036745407,12,58.5
strategy,6.297776223894266,0.4712048470713136,-0.506367672222529,7.543361130917898e+20,13.365261972657809,981,0.0016404199475065617,0.3851706036745407,12,58.6
strategy,6.305458789195356,0.4648011594035661,-0.49364431407359577,7.737791033326322e+20,13.565927411382827,981,0.0013123359580052493,0.385498687664042,12,58.7
strategy,6.305458789195356,0.4648011594035661,-0.49364431407359577,7.737791033326322e+20,13.565927411382827,981,0.0013123359580052493,0.385498687664042,12,58.8
strategy,6.305458789195356,0.4648011594035661,-0.49364431407359577,7.737791033326322e+20,13.565927411382827,981,0.0013123359580052493,0.385498687664042,12,58.9
strategy,6.305458789195356,0.4648011594035661,-0.49364431407359577,7.737791033326322e+20,13.565927411382827,981,0.0013123359580052493,0.385498687664042,12,59.0
strategy,6.305458789195356,0.4648011594035661,-0.49364431407359577,7.737791033326322e+20,13.565927411382827,981,0.0013123359580052493,0.385498687664042,12,59.1
strategy,6.305458789195356,0.4648011594035661,-0.49364431407359577,7.737791033326322e+20,13.565927411382827,981,0.0013123359580052493,0.385498687664042,12,59.2
strategy,6.305458789195356,0.4648011594035661,-0.49364431407359577,7.737791033326322e+20,13.565927411382827,981,0.0013123359580052493,0.385498687664042,12,59.3
strategy,6.305458789195356,0.4648011594035661,-0.49364431407359577,7.737791033326322e+20,13.565927411382827,981,0.0013123359580052493,0.385498687664042,12,59.4
strategy,6.305458789195356,0.4648011594035661,-0.49364431407359577,7.737791033326322e+20,13.565927411382827,981,0.0013123359580052493,0.385498687664042,12,59.5
strategy,6.305458789195356,0.4648011594035661,-0.49364431407359577,7.737791033326322e+20,13.565927411382827,981,0.0013123359580052493,0.385498687664042,12,59.6
strategy,6.305458789195356,0.4648011594035661,-0.49364431407359577,7.737791033326322e+20,13.565927411382827,981,0.0013123359580052493,0.385498687664042,12,59.7
strategy,6.305458789195356,0.4648011594035661,-0.49364431407359577,7.737791033326322e+20,13.565927411382827,981,0.0013123359580052493,0.385498687664042,12,59.8
strategy,6.305458789195356,0.4648011594035661,-0.49364431407359577,7.737791033326322e+20,13.565927411382827,981,0.0013123359580052493,0.385498687664042,12,59.9
strategy,6.305458789195356,0.4648011594035661,-0.49364431407359577,7.737791033326322e+20,13.565927411382827,981,0.0013123359580052493,0.385498687664042,12,60.0
strategy,5.785052559008408,0.47400078951931507,-0.5063676722225288,1.2854898398403212e+20,12.204731905351968,928,0.001804757998359311,0.37916324856439704,13,58.0
strategy,5.785052559008408,0.47400078951931507,-0.5063676722225288,1.2854898398403212e+20,12.204731905351968,928,0.001804757998359311,0.37916324856439704,13,58.1
strategy,5.785052559008408,0.47400078951931507,-0.5063676722225288,1.2854898398403212e+20,12.204731905351968,928,0.001804757998359311,0.37916324856439704,13,58.2
strategy,5.785052559008408,0.47400078951931507,-0.5063676722225288,1.2854898398403212e+20,12.204731905351968,928,0.001804757998359311,0.37916324856439704,13,58.3
strategy,5.785052559008408,0.47400078951931507,-0.5063676722225288,1.2854898398403212e+20,12.204731905351968,928,0.001804757998359311,0.37916324856439704,13,58.4
strategy,5.785052559008408,0.47400078951931507,-0.5063676722225288,1.2854898398403212e+20,12.204731905351968,928,0.001804757998359311,0.37916324856439704,13,58.5
strategy,5.785052559008408,0.47400078951931507,-0.5063676722225288,1.2854898398403212e+20,12.204731905351968,928,0.001804757998359311,0.37916324856439704,13,58.6
strategy,5.792196539039762,0.4676330596813664,-0.49364431407359566,1.31862330114085e+20,12.386199861460652,928,0.0014766201804757998,0.3794913863822806,13,58.7
strategy,5.816232407395012,0.46728347479174814,-0.49364431407359577,1.4362177281843457e+20,12.446903691569883,927,0.0013125512715340443,0.3796554552912223,13,58.8
strategy,5.816232407395012,0.46728347479174814,-0.49364431407359577,1.4362177281843457e+20,12.446903691569883,927,0.0013125512715340443,0.3796554552912223,13,58.9
strategy,5.816232407395012,0.46728347479174814,-0.49364431407359577,1.4362177281843457e+20,12.446903691569883,927,0.0013125512715340443,0.3796554552912223,13,59.0
strategy,5.816232407395012,0.46728347479174814,-0.49364431407359577,1.4362177281843457e+20,12.446903691569883,927,0.0013125512715340443,0.3796554552912223,13,59.1
strategy,5.816232407395012,0.46728347479174814,-0.49364431407359577,1.4362177281843457e+20,12.446903691569883,927,0.0013125512715340443,0.3796554552912223,13,59.2
strategy,5.816232407395012,0.46728347479174814,-0.49364431407359577,1.4362177281843457e+20,12.446903691569883,927,0.0013125512715340443,0.3796554552912223,13,59.3
strategy,5.816232407395012,0.46728347479174814,-0.49364431407359577,1.4362177281843457e+20,12.446903691569883,927,0.0013125512715340443,0.3796554552912223,13,59.4
strategy,5.816232407395012,0.46728347479174814,-0.49364431407359577,1.4362177281843457e+20,12.446903691569883,927,0.0013125512715340443,0.3796554552912223,13,59.5
strategy,5.816232407395012,0.46728347479174814,-0.49364431407359577,1.4362177281843457e+20,12.446903691569883,927,0.0013125512715340443,0.3796554552912223,13,59.6
strategy,5.816232407395012,0.46728347479174814,-0.49364431407359577,1.4362177281843457e+20,12.446903691569883,927,0.0013125512715340443,0.3796554552912223,13,59.7
strategy,5.816232407395012,0.46728347479174814,-0.49364431407359577,1.4362177281843457e+20,12.446903691569883,927,0.0013125512715340443,0.3796554552912223,13,59.8
strategy,5.816232407395012,0.46728347479174814,-0.49364431407359577,1.4362177281843457e+20,12.446903691569883,927,0.0013125512715340443,0.3796554552912223,13,59.9
strategy,5.816232407395012,0.46728347479174814,-0.49364431407359577,1.4362177281843457e+20,12.446903691569883,927,0.0013125512715340443,0.3796554552912223,13,60.0
strategy,5.2385700338894905,0.4736671890096171,-0.5063676722225288,1.6750230574928964e+19,11.059600824035819,872,0.0018050541516245488,0.3752871677059403,14,58.0
strategy,5.2385700338894905,0.4736671890096171,-0.5063676722225288,1.6750230574928964e+19,11.059600824035819,872,0.0018050541516245488,0.3752871677059403,14,58.1
strategy,5.2385700338894905,0.4736671890096171,-0.5063676722225288,1.6750230574928964e+19,11.059600824035819,872,0.0018050541516245488,0.3752871677059403,14,58.2
strategy,5.2385700338894905,0.4736671890096171,-0.5063676722225288,1.6750230574928964e+19,11.059600824035819,872,0.0018050541516245488,0.3752871677059403,14,58.3
strategy,5.2385700338894905,0.4736671890096171,-0.5063676722225288,1.6750230574928964e+19,11.059600824035819,872,0.0018050541516245488,0.3752871677059403,14,58.4
strategy,5.2385700338894905,0.4736671890096171,-0.5063676722225288,1.6750230574928964e+19,11.059600824035819,872,0.0018050541516245488,0.3752871677059403,14,58.5
strategy,5.2385700338894905,0.4736671890096171,-0.5063676722225288,1.6750230574928964e+19,11.059600824035819,872,0.0018050541516245488,0.3752871677059403,14,58.6
strategy,5.24513970123814,0.4672923549059341,-0.49364431407359566,1.718196725563133e+19,11.22453565989537,872,0.0014768624876928126,0.375615359369872,14,58.7
strategy,5.267243307109444,0.46694489518618604,-0.49364431407359555,1.8714249897048175e+19,11.280224629095096,871,0.0013127666557269445,0.37577945520183786,14,58.8
strategy,5.267243307109444,0.46694489518618604,-0.49364431407359555,1.8714249897048175e+19,11.280224629095096,871,0.0013127666557269445,0.37577945520183786,14,58.9
strategy,5.267243307109444,0.46694489518618604,-0.49364431407359555,1.8714249897048175e+19,11.280224629095096,871,0.0013127666557269445,0.37577945520183786,14,59.0
strategy,5.267243307109444,0.46694489518618604,-0.49364431407359555,1.8714249897048175e+19,11.280224629095096,871,0.0013127666557269445,0.37577945520183786,14,59.1
strategy,5.267243307109444,0.46694489518618604,-0.49364431407359555,1.8714249897048175e+19,11.280224629095096,871,0.0013127666557269445,0.37577945520183786,14,59.2
strategy,5.267243307109444,0.46694489518618604,-0.49364431407359555,1.8714249897048175e+19,11.280224629095096,871,0.0013127666557269445,0.37577945520183786,14,59.3
strategy,5.267243307109444,0.46694489518618604,-0.49364431407359555,1.8714249897048175e+19,11.280224629095096,871,0.0013127666557269445,0.37577945520183786,14,59.4
strategy,5.267243307109444,0.46694489518618604,-0.49364431407359555,1.8714249897048175e+19,11.280224629095096,871,0.0013127666557269445,0.37577945520183786,14,59.5
strategy,5.267243307109444,0.46694489518618604,-0.49364431407359555,1.8714249897048175e+19,11.280224629095096,871,0.0013127666557269445,0.37577945520183786,14,59.6
strategy,5.267243307109444,0.46694489518618604,-0.49364431407359555,1.8714249897048175e+19,11.280224629095096,871,0.0013127666557269445,0.37577945520183786,14,59.7
strategy,5.267243307109444,0.46694489518618604,-0.49364431407359555,1.8714249897048175e+19,11.280224629095096,871,0.0013127666557269445,0.37577945520183786,14,59.8
strategy,5.267243307109444,0.46694489518618604,-0.49364431407359555,1.8714249897048175e+19,11.280224629095096,871,0.0013127666557269445,0.37577945520183786,14,59.9
strategy,5.267243307109444,0.46694489518618604,-0.49364431407359555,1.8714249897048175e+19,11.280224629095096,871,0.0013127666557269445,0.37577945520183786,14,60.0
strategy,4.863633696529678,0.485401927557255,-0.5063676722225289,3.716450339124607e+18,10.019807133864324,832,0.0037748235680288857,0.36976858690300346,15,58.0
strategy,4.863633696529678,0.485401927557255,-0.5063676722225289,3.716450339124607e+18,10.019807133864324,832,0.0037748235680288857,0.36976858690300346,15,58.1
strategy,4.863633696529678,0.485401927557255,-0.5063676722225289,3.716450339124607e+18,10.019807133864324,832,0.0037748235680288857,0.36976858690300346,15,58.2
strategy,4.863633696529678,0.485401927557255,-0.5063676722225289,3.716450339124607e+18,10.019807133864324,832,0.0037748235680288857,0.36976858690300346,15,58.3
strategy,4.863633696529678,0.485401927557255,-0.5063676722225289,3.716450339124607e+18,10.019807133864324,832,0.0037748235680288857,0.36976858690300346,15,58.4
strategy,4.863633696529678,0.485401927557255,-0.5063676722225289,3.716450339124607e+18,10.019807133864324,832,0.0037748235680288857,0.36976858690300346,15,58.5
strategy,4.863633696529678,0.485401927557255,-0.5063676722225289,3.716450339124607e+18,10.019807133864324,832,0.0037748235680288857,0.36976858690300346,15,58.6
strategy,4.869809542814194,0.4791812182119755,-0.49364431407359566,3.8122417329344466e+18,10.162772157442813,832,0.0034465780403741997,0.3700968324306581,15,58.7
strategy,4.869809542814194,0.4791812182119755,-0.49364431407359566,3.8122417329344466e+18,10.162772157442813,832,0.0034465780403741997,0.3700968324306581,15,58.8
strategy,4.869809542814194,0.4791812182119755,-0.49364431407359566,3.8122417329344466e+18,10.162772157442813,832,0.0034465780403741997,0.3700968324306581,15,58.9
strategy,4.869809542814194,0.4791812182119755,-0.49364431407359566,3.8122417329344466e+18,10.162772157442813,832,0.0034465780403741997,0.3700968324306581,15,59.0
strategy,4.899928159827337,0.4784336453827375,-0.49364431407359577,4.3143328648401106e+18,10.24160446723493,832,0.003282455276546857,0.3702609551944855,15,59.1
strategy,4.899928159827337,0.4784336453827375,-0.49364431407359577,4.3143328648401106e+18,10.24160446723493,832,0.003282455276546857,0.3702609551944855,15,59.2
strategy,4.899928159827337,0.4784336453827375,-0.49364431407359577,4.3143328648401106e+18,10.24160446723493,832,0.003282455276546857,0.3702609551944855,15,59.3
strategy,4.899928159827337,0.4784336453827375,-0.49364431407359577,4.3143328648401106e+18,10.24160446723493,832,0.003282455276546857,0.3702609551944855,15,59.4
strategy,4.899928159827337,0.4784336453827375,-0.49364431407359577,4.3143328648401106e+18,10.24160446723493,832,0.003282455276546857,0.3702609551944855,15,59.5
strategy,4.840344353351718,0.4717545391311154,-0.49364431407359566,3.3755573582139756e+18,10.260302661351677,832,0.0027900869850648285,0.3707533234859675,15,59.6
strategy,4.840344353351718,0.4717545391311154,-0.49364431407359566,3.3755573582139756e+18,10.260302661351677,832,0.0027900869850648285,0.3707533234859675,15,59.7
strategy,4.840344353351718,0.4717545391311154,-0.49364431407359566,3.3755573582139756e+18,10.260302661351677,832,0.0027900869850648285,0.3707533234859675,15,59.8
strategy,4.840344353351718,0.4717545391311154,-0.49364431407359566,3.3755573582139756e+18,10.260302661351677,832,0.0027900869850648285,0.3707533234859675,15,59.9
strategy,4.840344353351718,0.4717545391311154,-0.49364431407359566,3.3755573582139756e+18,10.260302661351677,832,0.0027900869850648285,0.3707533234859675,15,60.0
strategy,4.539793917846514,0.4811789807503637,-0.49364431407359577,9.34786845189645e+17,9.434730317535971,801,0.004267892317793828,0.36572554169402494,16,58.0
strategy,4.539793917846514,0.4811789807503637,-0.49364431407359577,9.34786845189645e+17,9.434730317535971,801,0.004267892317793828,0.36572554169402494,16,58.1
strategy,4.539793917846514,0.4811789807503637,-0.49364431407359577,9.34786845189645e+17,9.434730317535971,801,0.004267892317793828,0.36572554169402494,16,58.2
strategy,4.539793917846514,0.4811789807503637,-0.49364431407359577,9.34786845189645e+17,9.434730317535971,801,0.004267892317793828,0.36572554169402494,16,58.3
strategy,4.539793917846514,0.4811789807503637,-0.49364431407359577,9.34786845189645e+17,9.434730317535971,801,0.004267892317793828,0.36572554169402494,16,58.4
strategy,4.539793917846514,0.4811789807503637,-0.49364431407359577,9.34786845189645e+17,9.434730317535971,801,0.004267892317793828,0.36572554169402494,16,58.5
strategy,4.539793917846514,0.4811789807503637,-0.49364431407359577,9.34786845189645e+17,9.434730317535971,801,0.004267892317793828,0.36572554169402494,16,58.6
strategy,4.539793917846514,0.4811789807503637,-0.49364431407359577,9.34786845189645e+17,9.434730317535971,801,0.004267892317793828,0.36572554169402494,16,58.7
strategy,4.539793917846514,0.4811789807503637,-0.49364431407359577,9.34786845189645e+17,9.434730317535971,801,0.004267892317793828,0.36572554169402494,16,58.8
strategy,4.539793917846514,0.4811789807503637,-0.49364431407359577,9.34786845189645e+17,9.434730317535971,801,0.004267892317793828,0.36572554169402494,16,58.9
strategy,4.539793917846514,0.4811789807503637,-0.49364431407359577,9.34786845189645e+17,9.434730317535971,801,0.004267892317793828,0.36572554169402494,16,59.0
strategy,4.568223868311466,0.4804366325054421,-0.49364431407359566,1.0579029060461814e+18,9.508483656811327,801,0.0041037426132632965,0.3658896913985555,16,59.1
strategy,4.568223868311466,0.4804366325054421,-0.49364431407359566,1.0579029060461814e+18,9.508483656811327,801,0.0041037426132632965,0.3658896913985555,16,59.2
strategy,4.568223868311466,0.4804366325054421,-0.49364431407359566,1.0579029060461814e+18,9.508483656811327,801,0.0041037426132632965,0.3658896913985555,16,59.3
strategy,4.568223868311466,0.4804366325054421,-0.49364431407359566,1.0579029060461814e+18,9.508483656811327,801,0.0041037426132632965,0.3658896913985555,16,59.4
strategy,4.568223868311466,0.4804366325054421,-0.49364431407359566,1.0579029060461814e+18,9.508483656811327,801,0.0041037426132632965,0.3658896913985555,16,59.5
strategy,4.511980782253626,0.4737785312489817,-0.4936443140735959,8.277089530764529e+17,9.523396449305285,801,0.0036112934996717005,0.36638214051214707,16,59.6
strategy,4.511980782253626,0.4737785312489817,-0.4936443140735959,8.277089530764529e+17,9.523396449305285,801,0.0036112934996717005,0.36638214051214707,16,59.7
strategy,4.511980782253626,0.4737785312489817,-0.4936443140735959,8.277089530764529e+17,9.523396449305285,801,0.0036112934996717005,0.36638214051214707,16,59.8
strategy,4.511980782253626,0.4737785312489817,-0.4936443140735959,8.277089530764529e+17,9.523396449305285,801,0.0036112934996717005,0.36638214051214707,16,59.9
strategy,4.511980782253626,0.4737785312489817,-0.4936443140735959,8.277089530764529e+17,9.523396449305285,801,0.0036112934996717005,0.36638214051214707,16,60.0
strategy,4.193508950550596,0.481779289021348,-0.49364431407359566,1.9512131174202093e+17,8.704211754450862,755,0.0045969463142341155,0.3618453455918568,17,58.0
strategy,4.193508950550596,0.481779289021348,-0.49364431407359566,1.9512131174202093e+17,8.704211754450862,755,0.0045969463142341155,0.3618453455918568,17,58.1
strategy,4.193508950550596,0.481779289021348,-0.49364431407359566,1.9512131174202093e+17,8.704211754450862,755,0.0045969463142341155,0.3618453455918568,17,58.2
strategy,4.193508950550596,0.481779289021348,-0.49364431407359566,1.9512131174202093e+17,8.704211754450862,755,0.0045969463142341155,0.3618453455918568,17,58.3
strategy,4.193508950550596,0.481779289021348,-0.49364431407359566,1.9512131174202093e+17,8.704211754450862,755,0.0045969463142341155,0.3618453455918568,17,58.4
strategy,4.193508950550596,0.481779289021348,-0.49364431407359566,1.9512131174202093e+17,8.704211754450862,755,0.0045969463142341155,0.3618453455918568,17,58.5
strategy,4.193508950550596,0.481779289021348,-0.49364431407359566,1.9512131174202093e+17,8.704211754450862,755,0.0045969463142341155,0.3618453455918568,17,58.6
strategy,4.193508950550596,0.481779289021348,-0.49364431407359566,1.9512131174202093e+17,8.704211754450862,755,0.0045969463142341155,0.3618453455918568,17,58.7
strategy,4.193508950550596,0.481779289021348,-0.49364431407359566,1.9512131174202093e+17,8.704211754450862,755,0.0045969463142341155,0.3618453455918568,17,58.8
strategy,4.193508950550596,0.481779289021348,-0.49364431407359566,1.9512131174202093e+17,8.704211754450862,755,0.0045969463142341155,0.3618453455918568,17,58.9
strategy,4.193508950550596,0.481779289021348,-0.49364431407359566,1.9512131174202093e+17,8.704211754450862,755,0.0045969463142341155,0.3618453455918568,17,59.0
strategy,4.220166171264942,0.4810402866260149,-0.49364431407359555,2.2081975563268768e+17,8.772999452634021,755,0.004432769660154326,0.36200952224593663,17,59.1
strategy,4.220166171264942,0.4810402866260149,-0.49364431407359555,2.2081975563268768e+17,8.772999452634021,755,0.004432769660154326,0.36200952224593663,17,59.2
strategy,4.220166171264942,0.4810402866260149,-0.49364431407359555,2.2081975563268768e+17,8.772999452634021,755,0.004432769660154326,0.36200952224593663,17,59.3
strategy,4.220166171264942,0.4810402866260149,-0.49364431407359555,2.2081975563268768e+17,8.772999452634021,755,0.004432769660154326,0.36200952224593663,17,59.4
strategy,4.220166171264942,0.4810402866260149,-0.49364431407359555,2.2081975563268768e+17,8.772999452634021,755,0.004432769660154326,0.36200952224593663,17,59.5
strategy,4.167430105383928,0.47438259521385717,-0.49364431407359555,1.7277057063434435e+17,8.784955745488938,755,0.003940239697914957,0.362502052208176,17,59.6
strategy,4.167430105383928,0.47438259521385717,-0.49364431407359555,1.7277057063434435e+17,8.784955745488938,755,0.003940239697914957,0.362502052208176,17,59.7
strategy,4.167430105383928,0.47438259521385717,-0.49364431407359555,1.7277057063434435e+17,8.784955745488938,755,0.003940239697914957,0.362502052208176,17,59.8
strategy,4.167430105383928,0.47438259521385717,-0.49364431407359555,1.7277057063434435e+17,8.784955745488938,755,0.003940239697914957,0.362502052208176,17,59.9
strategy,4.167430105383928,0.47438259521385717,-0.49364431407359555,1.7277057063434435e+17,8.784955745488938,755,0.003940239697914957,0.362502052208176,17,60.0
strategy,4.019828083129803,0.4820992992501594,-0.49364431407359566,8.521836854623877e+16,8.338174499282834,729,0.0049261083743842365,0.3592775041050903,18,58.0
strategy,4.019828083129803,0.4820992992501594,-0.49364431407359566,8.521836854623877e+16,8.338174499282834,729,0.0049261083743842365,0.3592775041050903,18,58.1
strategy,4.019828083129803,0.4820992992501594,-0.49364431407359566,8.521836854623877e+16,8.338174499282834,729,0.0049261083743842365,0.3592775041050903,18,58.2
strategy,4.019828083129803,0.4820992992501594,-0.49364431407359566,8.521836854623877e+16,8.338174499282834,729,0.0049261083743842365,0.3592775041050903,18,58.3
strategy,4.019828083129803,0.4820992992501594,-0.49364431407359566,8.521836854623877e+16,8.338174499282834,729,0.0049261083743842365,0.3592775041050903,18,58.4
strategy,4.019828083129803,0.4820992992501594,-0.49364431407359566,8.521836854623877e+16,8.338174499282834,729,0.0049261083743842365,0.3592775041050903,18,58.5
strategy,4.019828083129803,0.4820992992501594,-0.49364431407359566,8.521836854623877e+16,8.338174499282834,729,0.0049261083743842365,0.3592775041050903,18,58.6
strategy,4.019828083129803,0.4820992992501594,-0.49364431407359566,8.521836854623877e+16,8.338174499282834,729,0.0049261083743842365,0.3592775041050903,18,58.7
strategy,4.019828083129803,0.4820992992501594,-0.49364431407359566,8.521836854623877e+16,8.338174499282834,729,0.0049261083743842365,0.3592775041050903,18,58.8
strategy,4.019828083129803,0.4820992992501594,-0.49364431407359566,8.521836854623877e+16,8.338174499282834,729,0.0049261083743842365,0.3592775041050903,18,58.9
strategy,4.019828083129803,0.4820992992501594,-0.49364431407359566,8.521836854623877e+16,8.338174499282834,729,0.0049261083743842365,0.3592775041050903,18,59.0
strategy,4.045598077791938,0.4813620064208792,-0.49364431407359577,9.644205007537397e+16,8.404481500051475,729,0.004761904761904762,0.3594417077175698,18,59.1
strategy,4.045598077791938,0.4813620064208792,-0.49364431407359577,9.644205007537397e+16,8.404481500051475,729,0.004761904761904762,0.3594417077175698,18,59.2
strategy,4.045598077791938,0.4813620064208792,-0.49364431407359577,9.644205007537397e+16,8.404481500051475,729,0.004761904761904762,0.3594417077175698,18,59.3
strategy,4.045598077791938,0.4813620064208792,-0.49364431407359577,9.644205007537397e+16,8.404481500051475,729,0.004761904761904762,0.3594417077175698,18,59.4
strategy,4.045598077791938,0.4813620064208792,-0.49364431407359577,9.644205007537397e+16,8.404481500051475,729,0.004761904761904762,0.3594417077175698,18,59.5
strategy,3.994617235097606,0.474704056148792,-0.49364431407359577,7.545678137777034e+16,8.414963351072624,729,0.004269293924466338,0.35993431855500824,18,59.6
strategy,3.994617235097606,0.474704056148792,-0.49364431407359577,7.545678137777034e+16,8.414963351072624,729,0.004269293924466338,0.35993431855500824,18,59.7
strategy,3.994617235097606,0.474704056148792,-0.49364431407359577,7.545678137777034e+16,8.414963351072624,729,0.004269293924466338,0.35993431855500824,18,59.8
strategy,3.994617235097606,0.474704056148792,-0.49364431407359577,7.545678137777034e+16,8.414963351072624,729,0.004269293924466338,0.35993431855500824,18,59.9
strategy,3.994617235097606,0.474704056148792,-0.49364431407359577,7.545678137777034e+16,8.414963351072624,729,0.004269293924466338,0.35993431855500824,18,60.0
strategy,3.880903516604876,0.4827313506903914,-0.49364431407359566,4.298244312348749e+16,8.039468559592196,705,0.004926917392018394,0.3550665133847922,19,58.0
strategy,3.880903516604876,0.4827313506903914,-0.49364431407359566,4.298244312348749e+16,8.039468559592196,705,0.004926917392018394,0.3550665133847922,19,58.1
strategy,3.880903516604876,0.4827313506903914,-0.49364431407359566,4.298244312348749e+16,8.039468559592196,705,0.004926917392018394,0.3550665133847922,19,58.2
strategy,3.880903516604876,0.4827313506903914,-0.49364431407359566,4.298244312348749e+16,8.039468559592196,705,0.004926917392018394,0.3550665133847922,19,58.3
strategy,3.880903516604876,0.4827313506903914,-0.49364431407359566,4.298244312348749e+16,8.039468559592196,705,0.004926917392018394,0.3550665133847922,19,58.4
strategy,3.880903516604876,0.4827313506903914,-0.49364431407359566,4.298244312348749e+16,8.039468559592196,705,0.004926917392018394,0.3550665133847922,19,58.5
strategy,3.880903516604876,0.4827313506903914,-0.49364431407359566,4.298244312348749e+16,8.039468559592196,705,0.004926917392018394,0.3550665133847922,19,58.6
strategy,3.880903516604876,0.4827313506903914,-0.49364431407359566,4.298244312348749e+16,8.039468559592196,705,0.004926917392018394,0.3550665133847922,19,58.7
strategy,3.880903516604876,0.4827313506903914,-0.49364431407359566,4.298244312348749e+16,8.039468559592196,705,0.004926917392018394,0.3550665133847922,19,58.8
strategy,3.880903516604876,0.4827313506903914,-0.49364431407359566,4.298244312348749e+16,8.039468559592196,705,0.004926917392018394,0.3550665133847922,19,58.9
strategy,3.880903516604876,0.4827313506903914,-0.49364431407359566,4.298244312348749e+16,8.039468559592196,705,0.004926917392018394,0.3550665133847922,19,59.0
strategy,3.9059644487507805,0.4819959992452014,-0.49364431407359566,4.864344392873583e+16,8.103727945600093,705,0.0047626868122844475,0.3552307439645262,19,59.1
strategy,3.9059644487507805,0.4819959992452014,-0.49364431407359566,4.864344392873583e+16,8.103727945600093,705,0.0047626868122844475,0.3552307439645262,19,59.2
strategy,3.9059644487507805,0.4819959992452014,-0.49364431407359566,4.864344392873583e+16,8.103727945600093,705,0.0047626868122844475,0.3552307439645262,19,59.3
strategy,3.9059644487507805,0.4819959992452014,-0.49364431407359566,4.864344392873583e+16,8.103727945600093,705,0.0047626868122844475,0.3552307439645262,19,59.4
strategy,3.9059644487507805,0.4819959992452014,-0.49364431407359566,4.864344392873583e+16,8.103727945600093,705,0.0047626868122844475,0.3552307439645262,19,59.5
strategy,3.856386366594113,0.47534282745138284,-0.49364431407359566,3.805889351298309e+16,8.112852753602423,705,0.004269995073082608,0.35572343570372805,19,59.6
strategy,3.856386366594113,0.47534282745138284,-0.49364431407359566,3.805889351298309e+16,8.112852753602423,705,0.004269995073082608,0.35572343570372805,19,59.7
strategy,3.856386366594113,0.47534282745138284,-0.49364431407359566,3.805889351298309e+16,8.112852753602423,705,0.004269995073082608,0.35572343570372805,19,59.8
strategy,3.856386366594113,0.47534282745138284,-0.49364431407359566,3.805889351298309e+16,8.112852753602423,705,0.004269995073082608,0.35572343570372805,19,59.9
strategy,3.856386366594113,0.47534282745138284,-0.49364431407359566,3.805889351298309e+16,8.112852753602423,705,0.004269995073082608,0.35572343570372805,19,60.0
strategy,3.5242896615107844,0.48286174288397826,-0.49364431407359566,6833825470555375.0,7.29875520984813,685,0.005913272010512484,0.35249671484888306,20,58.0
strategy,3.5242896615107844,0.48286174288397826,-0.49364431407359566,6833825470555375.0,7.29875520984813,685,0.005913272010512484,0.35249671484888306,20,58.1
strategy,3.5242896615107844,0.48286174288397826,-0.49364431407359566,6833825470555375.0,7.29875520984813,685,0.005913272010512484,0.35249671484888306,20,58.2
strategy,3.5242896615107844,0.48286174288397826,-0.49364431407359566,6833825470555375.0,7.29875520984813,685,0.005913272010512484,0.35249671484888306,20,58.3
strategy,3.5242896615107844,0.48286174288397826,-0.49364431407359566,6833825470555375.0,7.29875520984813,685,0.005913272010512484,0.35249671484888306,20,58.4
strategy,3.5242896615107844,0.48286174288397826,-0.49364431407359566,6833825470555375.0,7.29875520984813,685,0.005913272010512484,0.35249671484888306,20,58.5
strategy,3.5242896615107844,0.48286174288397826,-0.49364431407359566,6833825470555375.0,7.29875520984813,685,0.005913272010512484,0.35249671484888306,20,58.6
strategy,3.5242896615107844,0.48286174288397826,-0.49364431407359566,6833825470555375.0,7.29875520984813,685,0.005913272010512484,0.35249671484888306,20,58.7
strategy,3.5242896615107844,0.48286174288397826,-0.49364431407359566,6833825470555375.0,7.29875520984813,685,0.005913272010512484,0.35249671484888306,20,58.8
strategy,3.5242896615107844,0.48286174288397826,-0.49364431407359566,6833825470555375.0,7.29875520984813,685,0.005913272010512484,0.35249671484888306,20,58.9
strategy,3.5242896615107844,0.48286174288397826,-0.49364431407359566,6833825470555375.0,7.29875520984813,685,0.005913272010512484,0.35249671484888306,20,59.0
strategy,3.5475233908062895,0.48212945891170544,-0.49364431407359555,7733874157424903.0,7.3580307637994045,685,0.005749014454664914,0.3526609724047306,20,59.1
strategy,3.5475233908062895,0.48212945891170544,-0.49364431407359555,7733874157424903.0,7.3580307637994045,685,0.005749014454664914,0.3526609724047306,20,59.2
strategy,3.5475233908062895,0.48212945891170544,-0.49364431407359555,7733874157424903.0,7.3580307637994045,685,0.005749014454664914,0.3526609724047306,20,59.3
strategy,3.5475233908062895,0.48212945891170544,-0.49364431407359555,7733874157424903.0,7.3580307637994045,685,0.005749014454664914,0.3526609724047306,20,59.4
strategy,3.5475233908062895,0.48212945891170544,-0.49364431407359555,7733874157424903.0,7.3580307637994045,685,0.005749014454664914,0.3526609724047306,20,59.5
strategy,3.501560085935873,0.4754688634406766,-0.49364431407359566,6051024952745293.0,7.364436149608682,685,0.005256241787122208,0.3531537450722733,20,59.6
strategy,3.501560085935873,0.4754688634406766,-0.49364431407359566,6051024952745293.0,7.364436149608682,685,0.005256241787122208,0.3531537450722733,20,59.7
strategy,3.501560085935873,0.4754688634406766,-0.49364431407359566,6051024952745293.0,7.364436149608682,685,0.005256241787122208,0.3531537450722733,20,59.8
strategy,3.501560085935873,0.4754688634406766,-0.49364431407359566,6051024952745293.0,7.364436149608682,685,0.005256241787122208,0.3531537450722733,20,59.9
strategy,3.501560085935873,0.4754688634406766,-0.49364431407359566,6051024952745293.0,7.364436149608682,685,0.005256241787122208,0.3531537450722733,20,60.0
strategy,3.377151686734739,0.4833815875034147,-0.49364431407359577,3056933208990696.5,6.986512879353068,667,0.006242812551338919,0.3499260719566289,21,58.0
strategy,3.377151686734739,0.4833815875034147,-0.49364431407359577,3056933208990696.5,6.986512879353068,667,0.006242812551338919,0.3499260719566289,21,58.1
strategy,3.377151686734739,0.4833815875034147,-0.49364431407359577,3056933208990696.5,6.986512879353068,667,0.006242812551338919,0.3499260719566289,21,58.2
strategy,3.377151686734739,0.4833815875034147,-0.49364431407359577,3056933208990696.5,6.986512879353068,667,0.006242812551338919,0.3499260719566289,21,58.3
strategy,3.377151686734739,0.4833815875034147,-0.49364431407359577,3056933208990696.5,6.986512879353068,667,0.006242812551338919,0.3499260719566289,21,58.4
strategy,3.377151686734739,0.4833815875034147,-0.49364431407359577,3056933208990696.5,6.986512879353068,667,0.006242812551338919,0.3499260719566289,21,58.5
strategy,3.377151686734739,0.4833815875034147,-0.49364431407359577,3056933208990696.5,6.986512879353068,667,0.006242812551338919,0.3499260719566289,21,58.6
strategy,3.377151686734739,0.4833815875034147,-0.49364431407359577,3056933208990696.5,6.986512879353068,667,0.006242812551338919,0.3499260719566289,21,58.7
strategy,3.377151686734739,0.4833815875034147,-0.49364431407359577,3056933208990696.5,6.986512879353068,667,0.006242812551338919,0.3499260719566289,21,58.8
strategy,3.377151686734739,0.4833815875034147,-0.49364431407359577,3056933208990696.5,6.986512879353068,667,0.006242812551338919,0.3499260719566289,21,58.9
strategy,3.377151686734739,0.4833815875034147,-0.49364431407359577,3056933208990696.5,6.986512879353068,667,0.006242812551338919,0.3499260719566289,21,59.0
strategy,3.3996335165701907,0.4826512653537337,-0.49364431407359566,3459546464546403.0,7.043664361013556,667,0.006078528010514211,0.35009035649745357,21,59.1
strategy,3.3996335165701907,0.4826512653537337,-0.49364431407359566,3459546464546403.0,7.043664361013556,667,0.006078528010514211,0.35009035649745357,21,59.2
strategy,3.3996335165701907,0.4826512653537337,-0.49364431407359566,3459546464546403.0,7.043664361013556,667,0.006078528010514211,0.35009035649745357,21,59.3
strategy,3.3996335165701907,0.4826512653537337,-0.49364431407359566,3459546464546403.0,7.043664361013556,667,0.006078528010514211,0.35009035649745357,21,59.4
strategy,3.3996335165701907,0.4826512653537337,-0.49364431407359566,3459546464546403.0,7.043664361013556,667,0.006078528010514211,0.35009035649745357,21,59.5
strategy,3.355157713347201,0.47599332694448887,-0.49364431407359566,2706767857355770.5,7.048749474881788,667,0.005585674388040086,0.3505832101199277,21,59.6
strategy,3.355157713347201,0.47599332694448887,-0.49364431407359566,2706767857355770.5,7.048749474881788,667,0.005585674388040086,0.3505832101199277,21,59.7
strategy,3.355157713347201,0.47599332694448887,-0.49364431407359566,2706767857355770.5,7.048749474881788,667,0.005585674388040086,0.3505832101199277,21,59.8
strategy,3.355157713347201,0.47599332694448887,-0.49364431407359566,2706767857355770.5,7.048749474881788,667,0.005585674388040086,0.3505832101199277,21,59.9
strategy,3.355157713347201,0.47599332694448887,-0.49364431407359566,2706767857355770.5,7.048749474881788,667,0.005585674388040086,0.3505832101199277,21,60.0
strategy,3.2916118863033663,0.48108526961929227,-0.49364431407359566,1887014747548309.2,6.8420550246907155,677,0.006243838317449885,0.35014788038120276,22,58.0
strategy,3.2916118863033663,0.48108526961929227,-0.49364431407359566,1887014747548309.2,6.8420550246907155,677,0.006243838317449885,0.35014788038120276,22,58.1
strategy,3.2916118863033663,0.48108526961929227,-0.49364431407359566,1887014747548309.2,6.8420550246907155,677,0.006243838317449885,0.35014788038120276,22,58.2
strategy,3.2916118863033663,0.48108526961929227,-0.49364431407359566,1887014747548309.2,6.8420550246907155,677,0.006243838317449885,0.35014788038120276,22,58.3
strategy,3.2916118863033663,0.48108526961929227,-0.49364431407359566,1887014747548309.2,6.8420550246907155,677,0.006243838317449885,0.35014788038120276,22,58.4
strategy,3.2916118863033663,0.48108526961929227,-0.49364431407359566,1887014747548309.2,6.8420550246907155,677,0.006243838317449885,0.35014788038120276,22,58.5
strategy,3.2916118863033663,0.48108526961929227,-0.49364431407359566,1887014747548309.2,6.8420550246907155,677,0.006243838317449885,0.35014788038120276,22,58.6
strategy,3.2916118863033663,0.48108526961929227,-0.49364431407359566,1887014747548309.2,6.8420550246907155,677,0.006243838317449885,0.35014788038120276,22,58.7
strategy,3.2916118863033663,0.48108526961929227,-0.49364431407359566,1887014747548309.2,6.8420550246907155,677,0.006243838317449885,0.35014788038120276,22,58.8
strategy,3.2916118863033663,0.48108526961929227,-0.49364431407359566,1887014747548309.2,6.8420550246907155,677,0.006243838317449885,0.35014788038120276,22,58.9
strategy,3.2916118863033663,0.48108526961929227,-0.49364431407359566,1887014747548309.2,6.8420550246907155,677,0.006243838317449885,0.35014788038120276,22,59.0
strategy,3.3136580002224134,0.4803521589413081,-0.49364431407359577,2135543942938508.5,6.898393061302537,677,0.0060795267827801515,0.3503121919158725,22,59.1
strategy,3.3136580002224134,0.4803521589413081,-0.49364431407359577,2135543942938508.5,6.898393061302537,677,0.0060795267827801515,0.3503121919158725,22,59.2
strategy,3.3136580002224134,0.4803521589413081,-0.49364431407359577,2135543942938508.5,6.898393061302537,677,0.0060795267827801515,0.3503121919158725,22,59.3
strategy,3.3136580002224134,0.4803521589413081,-0.49364431407359577,2135543942938508.5,6.898393061302537,677,0.0060795267827801515,0.3503121919158725,22,59.4
strategy,3.3136580002224134,0.4803521589413081,-0.49364431407359577,2135543942938508.5,6.898393061302537,677,0.0060795267827801515,0.3503121919158725,22,59.5
strategy,3.270044191789075,0.4736585409567509,-0.4936443140735959,1670861126438041.8,6.903800753141402,677,0.00558659217877095,0.3508051265198817,22,59.6
strategy,3.270044191789075,0.4736585409567509,-0.4936443140735959,1670861126438041.8,6.903800753141402,677,0.00558659217877095,0.3508051265198817,22,59.7
strategy,3.270044191789075,0.4736585409567509,-0.4936443140735959,1670861126438041.8,6.903800753141402,677,0.00558659217877095,0.3508051265198817,22,59.8
strategy,3.270044191789075,0.4736585409567509,-0.4936443140735959,1670861126438041.8,6.903800753141402,677,0.00558659217877095,0.3508051265198817,22,59.9
strategy,3.270044191789075,0.4736585409567509,-0.4936443140735959,1670861126438041.8,6.903800753141402,677,0.00558659217877095,0.3508051265198817,22,60.0
strategy,3.152987341708717,0.4815924159973109,-0.49364431407359566,849164455011950.1,6.547003725503689,665,0.006409202958093673,0.3497124075595727,23,58.0
strategy,3.152987341708717,0.4815924159973109,-0.49364431407359566,849164455011950.1,6.547003725503689,665,0.006409202958093673,0.3497124075595727,23,58.1
strategy,3.152987341708717,0.4815924159973109,-0.49364431407359566,849164455011950.1,6.547003725503689,665,0.006409202958093673,0.3497124075595727,23,58.2
strategy,3.152987341708717,0.4815924159973109,-0.49364431407359566,849164455011950.1,6.547003725503689,665,0.006409202958093673,0.3497124075595727,23,58.3
strategy,3.152987341708717,0.4815924159973109,-0.49364431407359566,849164455011950.1,6.547003725503689,665,0.006409202958093673,0.3497124075595727,23,58.4
strategy,3.152987341708717,0.4815924159973109,-0.49364431407359566,849164455011950.1,6.547003725503689,665,0.006409202958093673,0.3497124075595727,23,58.5
strategy,3.152987341708717,0.4815924159973109,-0.49364431407359566,849164455011950.1,6.547003725503689,665,0.006409202958093673,0.3497124075595727,23,58.6
strategy,3.152987341708717,0.4815924159973109,-0.49364431407359566,849164455011950.1,6.547003725503689,665,0.006409202958093673,0.3497124075595727,23,58.7
strategy,3.152987341708717,0.4815924159973109,-0.49364431407359566,849164455011950.1,6.547003725503689,665,0.006409202958093673,0.3497124075595727,23,58.8
strategy,3.152987341708717,0.4815924159973109,-0.49364431407359566,849164455011950.1,6.547003725503689,665,0.006409202958093673,0.3497124075595727,23,58.9
strategy,3.152987341708717,0.4815924159973109,-0.49364431407359566,849164455011950.1,6.547003725503689,665,0.006409202958093673,0.3497124075595727,23,59.0
strategy,3.1743248535606483,0.4808612478722092,-0.49364431407359555,961003622687924.0,6.601332229633605,665,0.006244864420706655,0.34987674609695973,23,59.1
strategy,3.1743248535606483,0.4808612478722092,-0.49364431407359555,961003622687924.0,6.601332229633605,665,0.006244864420706655,0.34987674609695973,23,59.2
strategy,3.1743248535606483,0.4808612478722092,-0.49364431407359555,961003622687924.0,6.601332229633605,665,0.006244864420706655,0.34987674609695973,23,59.3
strategy,3.1743248535606483,0.4808612478722092,-0.49364431407359555,961003622687924.0,6.601332229633605,665,0.006244864420706655,0.34987674609695973,23,59.4
strategy,3.1743248535606483,0.4808612478722092,-0.49364431407359555,961003622687924.0,6.601332229633605,665,0.006244864420706655,0.34987674609695973,23,59.5
strategy,3.1321128894281163,0.4741701752483056,-0.49364431407359577,751894429906194.1,6.605461610460723,665,0.005751848808545604,0.35036976170912076,23,59.6
strategy,3.1321128894281163,0.4741701752483056,-0.49364431407359577,751894429906194.1,6.605461610460723,665,0.005751848808545604,0.35036976170912076,23,59.7
strategy,3.1321128894281163,0.4741701752483056,-0.49364431407359577,751894429906194.1,6.605461610460723,665,0.005751848808545604,0.35036976170912076,23,59.8
strategy,3.1321128894281163,0.4741701752483056,-0.49364431407359577,751894429906194.1,6.605461610460723,665,0.005751848808545604,0.35036976170912076,23,59.9
strategy,3.1321128894281163,0.4741701752483056,-0.49364431407359577,751894429906194.1,6.605461610460723,665,0.005751848808545604,0.35036976170912076,23,60.0
strategy,3.08437259151241,0.4811374391476045,-0.49364431407359566,564789998168966.0,6.410585293417956,649,0.006574621959237344,0.34763313609467456,24,58.0
strategy,3.08437259151241,0.4811374391476045,-0.49364431407359566,564789998168966.0,6.410585293417956,649,0.006574621959237344,0.34763313609467456,24,58.1
strategy,3.08437259151241,0.4811374391476045,-0.49364431407359566,564789998168966.0,6.410585293417956,649,0.006574621959237344,0.34763313609467456,24,58.2
strategy,3.08437259151241,0.4811374391476045,-0.49364431407359566,564789998168966.0,6.410585293417956,649,0.006574621959237344,0.34763313609467456,24,58.3
strategy,3.08437259151241,0.4811374391476045,-0.49364431407359566,564789998168966.0,6.410585293417956,649,0.006574621959237344,0.34763313609467456,24,58.4
strategy,3.08437259151241,0.4811374391476045,-0.49364431407359566,564789998168966.0,6.410585293417956,649,0.006574621959237344,0.34763313609467456,24,58.5
strategy,3.08437259151241,0.4811374391476045,-0.49364431407359566,564789998168966.0,6.410585293417956,649,0.006574621959237344,0.34763313609467456,24,58.6
strategy,3.08437259151241,0.4811374391476045,-0.49364431407359566,564789998168966.0,6.410585293417956,649,0.006574621959237344,0.34763313609467456,24,58.7
strategy,3.08437259151241,0.4811374391476045,-0.49364431407359566,564789998168966.0,6.410585293417956,649,0.006574621959237344,0.34763313609467456,24,58.8
strategy,3.08437259151241,0.4811374391476045,-0.49364431407359566,564789998168966.0,6.410585293417956,649,0.006574621959237344,0.34763313609467456,24,58.9
strategy,3.08437259151241,0.4811374391476045,-0.49364431407359566,564789998168966.0,6.410585293417956,649,0.006574621959237344,0.34763313609467456,24,59.0
strategy,3.105361028274884,0.48040612830889945,-0.49364431407359566,639175640354193.8,6.46403291982601,649,0.00641025641025641,0.34779750164365547,24,59.1
strategy,3.105361028274884,0.48040612830889945,-0.49364431407359566,639175640354193.8,6.46403291982601,649,0.00641025641025641,0.34779750164365547,24,59.2
strategy,3.105361028274884,0.48040612830889945,-0.49364431407359566,639175640354193.8,6.46403291982601,649,0.00641025641025641,0.34779750164365547,24,59.3
strategy,3.105361028274884,0.48040612830889945,-0.49364431407359566,639175640354193.8,6.46403291982601,649,0.00641025641025641,0.34779750164365547,24,59.4
strategy,3.105361028274884,0.48040612830889945,-0.49364431407359566,639175640354193.8,6.46403291982601,649,0.00641025641025641,0.34779750164365547,24,59.5
strategy,3.063839655963954,0.473705681950955,-0.49364431407359577,500094476615839.56,6.467812763709192,649,0.005917159763313609,0.3482905982905983,24,59.6
strategy,3.063839655963954,0.473705681950955,-0.49364431407359577,500094476615839.56,6.467812763709192,649,0.005917159763313609,0.3482905982905983,24,59.7
strategy,3.063839655963954,0.473705681950955,-0.49364431407359577,500094476615839.56,6.467812763709192,649,0.005917159763313609,0.3482905982905983,24,59.8
strategy,3.063839655963954,0.473705681950955,-0.49364431407359577,500094476615839.56,6.467812763709192,649,0.005917159763313609,0.3482905982905983,24,59.9
strategy,3.063839655963954,0.473705681950955,-0.49364431407359577,500094476615839.56,6.467812763709192,649,0.005917159763313609,0.3482905982905983,24,60.0
strategy,3.0015392935609286,0.4862365521163847,-0.49364431407359566,342533396754009.0,6.173002174551628,625,0.007562058194969587,0.3434160775932928,25,58.0
strategy,3.0015392935609286,0.4862365521163847,-0.49364431407359566,342533396754009.0,6.173002174551628,625,0.007562058194969587,0.3434160775932928,25,58.1
strategy,3.0015392935609286,0.4862365521163847,-0.49364431407359566,342533396754009.0,6.173002174551628,625,0.007562058194969587,0.3434160775932928,25,58.2
strategy,3.0015392935609286,0.4862365521163847,-0.49364431407359566,342533396754009.0,6.173002174551628,625,0.007562058194969587,0.3434160775932928,25,58.3
strategy,3.0015392935609286,0.4862365521163847,-0.49364431407359566,342533396754009.0,6.173002174551628,625,0.007562058194969587,0.3434160775932928,25,58.4
strategy,3.0015392935609286,0.4862365521163847,-0.49364431407359566,342533396754009.0,6.173002174551628,625,0.007562058194969587,0.3434160775932928,25,58.5
strategy,3.0015392935609286,0.4862365521163847,-0.49364431407359566,342533396754009.0,6.173002174551628,625,0.007562058194969587,0.3434160775932928,25,58.6
strategy,3.0015392935609286,0.4862365521163847,-0.49364431407359566,342533396754009.0,6.173002174551628,625,0.007562058194969587,0.3434160775932928,25,58.7
strategy,3.0015392935609286,0.4862365521163847,-0.49364431407359566,342533396754009.0,6.173002174551628,625,0.007562058194969587,0.3434160775932928,25,58.8
strategy,3.0015392935609286,0.4862365521163847,-0.49364431407359566,342533396754009.0,6.173002174551628,625,0.007562058194969587,0.3434160775932928,25,58.9
strategy,3.0015392935609286,0.4862365521163847,-0.49364431407359566,342533396754009.0,6.173002174551628,625,0.007562058194969587,0.3434160775932928,25,59.0
strategy,3.0221054630060857,0.48551350733819576,-0.49364431407359577,387646742900428.75,6.22455486269503,625,0.007397665625513727,0.3435804701627486,25,59.1
strategy,3.0221054630060857,0.48551350733819576,-0.49364431407359577,387646742900428.75,6.22455486269503,625,0.007397665625513727,0.3435804701627486,25,59.2
strategy,3.0221054630060857,0.48551350733819576,-0.49364431407359577,387646742900428.75,6.22455486269503,625,0.007397665625513727,0.3435804701627486,25,59.3
strategy,3.0221054630060857,0.48551350733819576,-0.49364431407359577,387646742900428.75,6.22455486269503,625,0.007397665625513727,0.3435804701627486,25,59.4
strategy,3.0221054630060857,0.48551350733819576,-0.49364431407359577,387646742900428.75,6.22455486269503,625,0.007397665625513727,0.3435804701627486,25,59.5
strategy,2.9814194778944123,0.47888150025834775,-0.49364431407359577,303296907396533.8,6.22579798193497,625,0.006904487917146145,0.3440736478711162,25,59.6
strategy,2.9814194778944123,0.47888150025834775,-0.49364431407359577,303296907396533.8,6.22579798193497,625,0.006904487917146145,0.3440736478711162,25,59.7
strategy,2.9814194778944123,0.47888150025834775,-0.49364431407359577,303296907396533.8,6.22579798193497,625,0.006904487917146145,0.3440736478711162,25,59.8
strategy,2.9814194778944123,0.47888150025834775,-0.49364431407359577,303296907396533.8,6.22579798193497,625,0.006904487917146145,0.3440736478711162,25,59.9
strategy,2.9814194778944123,0.47888150025834775,-0.49364431407359577,303296907396533.8,6.22579798193497,625,0.006904487917146145,0.3440736478711162,25,60.0
